ID_LOJA,NOME_LOJA,DATA,CONTAGEM_CLIENTES,VENDAS,DIA_SEMANA,FERIADO_NOME,EH_FERIADO,DATA_COMEMORATIVA,EH_COMEMORATIVA,IS_ZERO_CC
510,ITACOATIARA,2024-10-26,1916,490,Sábado,,0,,0,0
510,ITACOATIARA,2025-04-18,672,181,Sexta-feira,Sexta-feira Santa,1,,0,0
510,ITACOATIARA,2022-09-05,1535,467,Segunda-feira,Elevação do Amazonas à categoria de província,1,,0,0
510,ITACOATIARA,2024-05-12,444,187,Domingo,,0,Dia das Mães,1,0
510,ITACOATIARA,2025-08-04,2578,724,Segunda-feira,,0,,0,0
510,ITACOATIARA,2023-05-15,2334,514,Segunda-feira,,0,,0,0
510,ITACOATIARA,2024-10-19,2466,627,Sábado,,0,,0,0
510,ITACOATIARA,2025-05-19,1943,400,Segunda-feira,,0,,0,0
510,ITACOATIARA,2025-04-03,1836,487,Quinta-feira,,0,,0,0
510,ITACOATIARA,2023-05-26,2486,654,Sexta-feira,,0,,0,0
510,ITACOATIARA,2023-01-14,1711,452,Sábado,,0,,0,0
510,ITACOATIARA,2022-10-14,2467,524,Sexta-feira,,0,,0,0
510,ITACOATIARA,2022-08-16,2143,569,Terça-feira,,0,,0,0
510,ITACOATIARA,2024-05-13,1237,429,Segunda-feira,,0,,0,0
510,ITACOATIARA,2023-06-30,4566,1429,Sexta-feira,,0,,0,0
510,ITACOATIARA,2023-09-16,1373,381,Sábado,,0,,0,0
510,ITACOATIARA,2023-02-04,2596,649,Sábado,,0,,0,0
510,ITACOATIARA,2025-08-11,2125,527,Segunda-feira,,0,,0,0
510,ITACOATIARA,2022-10-15,2260,533,Sábado,,0,,0,0
510,ITACOATIARA,2022-09-23,2235,613,Sexta-feira,,0,,0,0
510,ITACOATIARA,2022-07-12,1792,474,Terça-feira,,0,,0,0
510,ITACOATIARA,2024-11-24,655,182,Domingo,,0,,0,0
510,ITACOATIARA,2024-02-08,2039,483,Quinta-feira,,0,,0,0
510,ITACOATIARA,2022-08-11,2169,608,Quinta-feira,,0,,0,0
510,ITACOATIARA,2023-11-08,2308,634,Quarta-feira,,0,,0,0
510,ITACOATIARA,2023-04-09,495,158,Domingo,,0,,0,0
510,ITACOATIARA,2022-07-18,2097,503,Segunda-feira,,0,,0,0
510,ITACOATIARA,2024-12-24,2347,661,Terça-feira,,0,Véspera de Natal,1,0
510,ITACOATIARA,2024-07-29,2948,830,Segunda-feira,,0,,0,0
510,ITACOATIARA,2024-10-10,2086,472,Quinta-feira,,0,,0,0
510,ITACOATIARA,2024-01-27,1578,366,Sábado,,0,,0,0
510,ITACOATIARA,2025-06-01,719,185,Domingo,,0,,0,0
510,ITACOATIARA,2024-07-13,1377,326,Sábado,,0,,0,0
510,ITACOATIARA,2024-04-05,2456,635,Sexta-feira,,0,,0,0
510,ITACOATIARA,2023-08-08,2253,545,Terça-feira,,0,,0,0
510,ITACOATIARA,2023-09-15,1701,432,Sexta-feira,,0,Dia do Cliente,1,0
510,ITACOATIARA,2022-12-09,2175,620,Sexta-feira,,0,,0,0
510,ITACOATIARA,2022-11-20,751,202,Domingo,Consciência Negra,1,,0,0
510,ITACOATIARA,2024-11-01,1672,427,Sexta-feira,,0,,0,0
510,ITACOATIARA,2023-11-01,1997,508,Quarta-feira,,0,,0,0
510,ITACOATIARA,2025-06-26,2767,691,Quinta-feira,,0,,0,0
510,ITACOATIARA,2024-03-07,2340,609,Quinta-feira,,0,,0,0
510,ITACOATIARA,2025-02-25,2074,466,Terça-feira,,0,,0,0
510,ITACOATIARA,2025-04-30,3411,925,Quarta-feira,,0,,0,0
510,ITACOATIARA,2022-12-02,2417,576,Sexta-feira,,0,,0,0
510,ITACOATIARA,2024-02-19,2492,542,Segunda-feira,,0,,0,0
510,ITACOATIARA,2023-09-25,2291,595,Segunda-feira,,0,,0,0
510,ITACOATIARA,2025-06-17,1816,474,Terça-feira,,0,,0,0
510,ITACOATIARA,2025-03-01,2793,816,Sábado,,0,,0,0
510,ITACOATIARA,2023-06-20,2096,546,Terça-feira,,0,,0,0
510,ITACOATIARA,2023-12-21,2835,776,Quinta-feira,,0,,0,0
510,ITACOATIARA,2023-11-06,3124,672,Segunda-feira,,0,,0,0
510,ITACOATIARA,2023-03-13,2221,472,Segunda-feira,,0,,0,0
510,ITACOATIARA,2023-12-29,2777,698,Sexta-feira,,0,,0,0
510,ITACOATIARA,2023-01-31,3724,953,Terça-feira,,0,,0,0
510,ITACOATIARA,2024-03-26,2222,541,Terça-feira,,0,,0,0
510,ITACOATIARA,2024-01-18,3470,847,Quinta-feira,,0,,0,0
510,ITACOATIARA,2024-09-16,1922,396,Segunda-feira,,0,,0,0
510,ITACOATIARA,2024-10-11,2127,657,Sexta-feira,,0,,0,0
510,ITACOATIARA,2023-02-17,2595,583,Sexta-feira,,0,,0,0
510,ITACOATIARA,2023-11-20,1884,482,Segunda-feira,Consciência Negra,1,,0,0
510,ITACOATIARA,2025-04-10,1903,473,Quinta-feira,,0,,0,0
510,ITACOATIARA,2024-11-07,2722,706,Quinta-feira,,0,,0,0
510,ITACOATIARA,2022-09-15,2053,504,Quinta-feira,,0,Dia do Cliente,1,0
510,ITACOATIARA,2022-10-01,0,987,Sábado,,0,,0,1
510,ITACOATIARA,2024-01-08,3002,747,Segunda-feira,,0,,0,0
510,ITACOATIARA,2023-07-25,2175,531,Terça-feira,,0,,0,0
510,ITACOATIARA,2025-06-22,530,122,Domingo,,0,,0,0
510,ITACOATIARA,2022-11-28,3101,760,Segunda-feira,,0,,0,0
510,ITACOATIARA,2024-01-31,3242,955,Quarta-feira,,0,,0,0
510,ITACOATIARA,2024-09-15,528,177,Domingo,,0,Dia do Cliente,1,0
510,ITACOATIARA,2023-10-05,2392,687,Quinta-feira,,0,,0,0
510,ITACOATIARA,2025-01-25,1546,395,Sábado,,0,,0,0
510,ITACOATIARA,2025-04-22,2009,536,Terça-feira,,0,,0,0
510,ITACOATIARA,2022-10-18,2678,589,Terça-feira,,0,,0,0
510,ITACOATIARA,2024-05-20,1528,496,Segunda-feira,,0,,0,0
510,ITACOATIARA,2024-04-29,3657,1015,Segunda-feira,,0,,0,0
510,ITACOATIARA,2023-11-18,2866,776,Sábado,,0,,0,0
510,ITACOATIARA,2025-02-24,2345,554,Segunda-feira,,0,,0,0
510,ITACOATIARA,2023-10-30,3143,792,Segunda-feira,,0,,0,0
510,ITACOATIARA,2024-02-11,463,159,Domingo,,0,,0,0
510,ITACOATIARA,2025-04-11,1969,428,Sexta-feira,,0,,0,0
510,ITACOATIARA,2024-10-03,2070,525,Quinta-feira,,0,,0,0
510,ITACOATIARA,2024-05-10,1788,636,Sexta-feira,,0,,0,0
510,ITACOATIARA,2025-04-24,2149,493,Quinta-feira,,0,,0,0
510,ITACOATIARA,2023-05-05,3066,823,Sexta-feira,,0,,0,0
510,ITACOATIARA,2023-04-10,2902,666,Segunda-feira,,0,,0,0
510,ITACOATIARA,2022-10-25,2908,653,Terça-feira,,0,,0,0
510,ITACOATIARA,2023-02-20,2115,579,Segunda-feira,,0,,0,0
510,ITACOATIARA,2025-08-06,2298,650,Quarta-feira,,0,,0,0
510,ITACOATIARA,2024-03-29,1002,298,Sexta-feira,Sexta-feira Santa,1,,0,0
510,ITACOATIARA,2023-10-12,1713,537,Quinta-feira,Nossa Senhora Aparecida,1,,0,0
510,ITACOATIARA,2024-05-19,349,156,Domingo,,0,,0,0
510,ITACOATIARA,2025-01-18,2948,641,Sábado,,0,,0,0
510,ITACOATIARA,2025-05-26,2147,483,Segunda-feira,,0,,0,0
510,ITACOATIARA,2023-09-07,1138,336,Quinta-feira,Independência do Brasil,1,,0,0
510,ITACOATIARA,2022-09-12,2814,626,Segunda-feira,,0,,0,0
510,ITACOATIARA,2024-09-08,764,239,Domingo,,0,,0,0
510,ITACOATIARA,2024-06-08,2094,600,Sábado,,0,,0,0
510,ITACOATIARA,2024-10-23,1652,416,Quarta-feira,,0,,0,0
510,ITACOATIARA,2022-11-22,2600,634,Terça-feira,,0,,0,0
510,ITACOATIARA,2024-03-23,1489,412,Sábado,,0,,0,0
510,ITACOATIARA,2024-03-09,1843,442,Sábado,,0,,0,0
510,ITACOATIARA,2024-06-24,2090,565,Segunda-feira,,0,,0,0
510,ITACOATIARA,2024-06-23,509,136,Domingo,,0,,0,0
510,ITACOATIARA,2023-07-09,591,190,Domingo,,0,,0,0
510,ITACOATIARA,2025-02-21,2108,506,Sexta-feira,,0,,0,0
510,ITACOATIARA,2025-08-15,1773,427,Sexta-feira,,0,,0,0
510,ITACOATIARA,2023-04-27,3120,836,Quinta-feira,,0,,0,0
510,ITACOATIARA,2024-12-19,2105,631,Quinta-feira,,0,,0,0
510,ITACOATIARA,2022-11-08,3548,765,Terça-feira,,0,,0,0
510,ITACOATIARA,2022-11-24,2233,501,Quinta-feira,,0,,0,0
510,ITACOATIARA,2024-05-21,1495,483,Terça-feira,,0,,0,0
510,ITACOATIARA,2023-08-10,1805,439,Quinta-feira,,0,,0,0
510,ITACOATIARA,2023-09-22,2038,526,Sexta-feira,,0,,0,0
510,ITACOATIARA,2025-01-04,1884,484,Sábado,,0,,0,0
510,ITACOATIARA,2023-09-06,3077,935,Quarta-feira,,0,,0,0
510,ITACOATIARA,2023-07-08,2030,637,Sábado,,0,,0,0
510,ITACOATIARA,2024-10-27,478,135,Domingo,,0,,0,0
510,ITACOATIARA,2022-08-21,543,150,Domingo,,0,,0,0
510,ITACOATIARA,2023-03-19,535,149,Domingo,,0,,0,0
510,ITACOATIARA,2024-09-28,2400,711,Sábado,,0,,0,0
510,ITACOATIARA,2025-01-06,2786,720,Segunda-feira,,0,,0,0
510,ITACOATIARA,2022-10-13,2415,527,Quinta-feira,,0,,0,0
510,ITACOATIARA,2024-04-12,1495,366,Sexta-feira,,0,,0,0
510,ITACOATIARA,2024-04-22,2247,587,Segunda-feira,,0,,0,0
510,ITACOATIARA,2023-12-20,2672,722,Quarta-feira,,0,,0,0
510,ITACOATIARA,2024-03-08,2284,580,Sexta-feira,,0,Dia Internacional da Mulher,1,0
510,ITACOATIARA,2022-07-08,2235,659,Sexta-feira,,0,,0,0
510,ITACOATIARA,2025-05-14,1399,352,Quarta-feira,,0,,0,0
510,ITACOATIARA,2024-02-10,1754,442,Sábado,,0,,0,0
510,ITACOATIARA,2023-03-01,3719,972,Quarta-feira,,0,,0,0
510,ITACOATIARA,2024-03-10,579,156,Domingo,,0,,0,0
510,ITACOATIARA,2024-11-23,2018,503,Sábado,,0,,0,0
510,ITACOATIARA,2025-06-09,2501,637,Segunda-feira,,0,,0,0
510,ITACOATIARA,2022-09-02,2834,780,Sexta-feira,,0,,0,0
510,ITACOATIARA,2025-06-10,2023,519,Terça-feira,,0,,0,0
510,ITACOATIARA,2024-01-12,1511,409,Sexta-feira,,0,,0,0
510,ITACOATIARA,2025-01-31,3103,850,Sexta-feira,,0,,0,0
510,ITACOATIARA,2024-11-04,4337,903,Segunda-feira,,0,,0,0
510,ITACOATIARA,2024-12-05,2320,606,Quinta-feira,,0,,0,0
510,ITACOATIARA,2024-10-16,1558,398,Quarta-feira,,0,,0,0
510,ITACOATIARA,2023-01-03,3052,825,Terça-feira,,0,,0,0
510,ITACOATIARA,2022-10-12,2665,753,Quarta-feira,Nossa Senhora Aparecida,1,,0,0
510,ITACOATIARA,2022-12-14,0,614,Quarta-feira,,0,,0,1
510,ITACOATIARA,2024-02-12,1797,408,Segunda-feira,,0,,0,0
510,ITACOATIARA,2023-05-11,1947,557,Quinta-feira,,0,,0,0
510,ITACOATIARA,2023-04-26,3010,830,Quarta-feira,,0,,0,0
510,ITACOATIARA,2023-06-26,2282,579,Segunda-feira,,0,,0,0
510,ITACOATIARA,2024-01-16,1744,423,Terça-feira,,0,,0,0
510,ITACOATIARA,2024-02-13,439,102,Terça-feira,,0,,0,0
510,ITACOATIARA,2022-07-13,1728,457,Quarta-feira,,0,,0,0
510,ITACOATIARA,2024-11-08,2569,658,Sexta-feira,,0,,0,0
510,ITACOATIARA,2024-08-07,2457,641,Quarta-feira,,0,,0,0
510,ITACOATIARA,2022-12-04,808,257,Domingo,,0,,0,0
510,ITACOATIARA,2022-12-29,2879,754,Quinta-feira,,0,,0,0
510,ITACOATIARA,2022-10-08,0,654,Sábado,,0,,0,1
510,ITACOATIARA,2023-07-28,3107,907,Sexta-feira,,0,,0,0
510,ITACOATIARA,2023-05-07,705,237,Domingo,,0,,0,0
510,ITACOATIARA,2025-05-01,1414,347,Quinta-feira,Dia do Trabalhador,1,,0,0
510,ITACOATIARA,2024-08-17,1528,406,Sábado,,0,,0,0
510,ITACOATIARA,2022-08-12,2303,619,Sexta-feira,,0,,0,0
510,ITACOATIARA,2024-03-06,2302,661,Quarta-feira,,0,,0,0
510,ITACOATIARA,2024-01-13,1387,342,Sábado,,0,,0,0
510,ITACOATIARA,2023-10-07,2278,684,Sábado,,0,,0,0
510,ITACOATIARA,2023-02-07,2644,684,Terça-feira,,0,,0,0
510,ITACOATIARA,2025-03-13,1692,401,Quinta-feira,,0,,0,0
510,ITACOATIARA,2024-06-16,487,153,Domingo,,0,,0,0
510,ITACOATIARA,2024-02-15,2066,479,Quinta-feira,,0,,0,0
510,ITACOATIARA,2023-04-23,675,201,Domingo,,0,,0,0
510,ITACOATIARA,2024-09-05,1157,313,Quinta-feira,Elevação do Amazonas à categoria de província,1,,0,0
510,ITACOATIARA,2022-09-20,2785,391,Terça-feira,,0,,0,0
510,ITACOATIARA,2023-05-30,3243,861,Terça-feira,,0,,0,0
510,ITACOATIARA,2023-11-28,2468,571,Terça-feira,,0,,0,0
510,ITACOATIARA,2023-04-15,1769,484,Sábado,,0,,0,0
510,ITACOATIARA,2025-01-12,297,77,Domingo,,0,,0,0
510,ITACOATIARA,2024-12-21,2285,640,Sábado,,0,,0,0
510,ITACOATIARA,2024-11-29,3308,932,Sexta-feira,,0,,0,0
510,ITACOATIARA,2024-12-28,2177,591,Sábado,,0,,0,0
510,ITACOATIARA,2022-10-02,0,214,Domingo,,0,,0,1
510,ITACOATIARA,2023-07-15,1713,450,Sábado,,0,,0,0
510,ITACOATIARA,2023-05-17,1657,388,Quarta-feira,,0,,0,0
510,ITACOATIARA,2022-11-13,807,260,Domingo,,0,,0,0
510,ITACOATIARA,2023-02-26,651,182,Domingo,,0,,0,0
510,ITACOATIARA,2023-04-20,2360,696,Quinta-feira,,0,,0,0
510,ITACOATIARA,2023-11-21,3189,770,Terça-feira,,0,,0,0
510,ITACOATIARA,2025-05-18,558,182,Domingo,,0,,0,0
510,ITACOATIARA,2022-12-30,3498,927,Sexta-feira,,0,,0,0
510,ITACOATIARA,2022-08-15,2349,588,Segunda-feira,,0,,0,0
510,ITACOATIARA,2024-11-25,2332,509,Segunda-feira,,0,,0,0
510,ITACOATIARA,2023-12-22,2813,847,Sexta-feira,,0,,0,0
510,ITACOATIARA,2024-08-21,1753,429,Quarta-feira,,0,,0,0
510,ITACOATIARA,2024-02-17,2032,448,Sábado,,0,,0,0
510,ITACOATIARA,2022-07-03,660,194,Domingo,,0,,0,0
510,ITACOATIARA,2024-11-26,2174,522,Terça-feira,,0,,0,0
510,ITACOATIARA,2022-10-06,0,728,Quinta-feira,,0,,0,1
510,ITACOATIARA,2022-11-09,2838,554,Quarta-feira,,0,,0,0
510,ITACOATIARA,2023-12-18,2529,689,Segunda-feira,,0,,0,0
510,ITACOATIARA,2024-04-27,2142,734,Sábado,,0,,0,0
510,ITACOATIARA,2024-04-20,1825,499,Sábado,,0,,0,0
510,ITACOATIARA,2024-03-18,2029,519,Segunda-feira,,0,,0,0
510,ITACOATIARA,2023-10-10,2205,536,Terça-feira,,0,,0,0
510,ITACOATIARA,2025-05-25,518,149,Domingo,,0,,0,0
510,ITACOATIARA,2023-07-04,3017,778,Terça-feira,,0,,0,0
510,ITACOATIARA,2024-06-05,2652,651,Quarta-feira,,0,,0,0
510,ITACOATIARA,2024-01-11,1719,432,Quinta-feira,,0,,0,0
510,ITACOATIARA,2025-05-30,3618,1017,Sexta-feira,,0,,0,0
510,ITACOATIARA,2022-07-19,1885,454,Terça-feira,,0,,0,0
510,ITACOATIARA,2024-03-28,2884,798,Quinta-feira,,0,,0,0
510,ITACOATIARA,2024-05-18,1296,462,Sábado,,0,,0,0
510,ITACOATIARA,2024-03-04,2744,703,Segunda-feira,,0,,0,0
510,ITACOATIARA,2023-08-01,3198,849,Terça-feira,,0,,0,0
510,ITACOATIARA,2023-03-31,3796,933,Sexta-feira,,0,,0,0
510,ITACOATIARA,2023-06-14,1525,397,Quarta-feira,,0,,0,0
510,ITACOATIARA,2023-10-29,674,167,Domingo,,0,,0,0
510,ITACOATIARA,2023-05-23,1963,514,Terça-feira,,0,,0,0
510,ITACOATIARA,2023-05-28,707,227,Domingo,,0,,0,0
510,ITACOATIARA,2022-09-18,613,180,Domingo,,0,,0,0
510,ITACOATIARA,2025-01-27,2224,551,Segunda-feira,,0,,0,0
510,ITACOATIARA,2024-12-31,2792,524,Terça-feira,,0,Véspera de Ano Novo,1,0
510,ITACOATIARA,2024-07-10,1672,421,Quarta-feira,,0,,0,0
510,ITACOATIARA,2025-03-06,3082,783,Quinta-feira,,0,,0,0
510,ITACOATIARA,2022-12-10,2636,724,Sábado,,0,,0,0
510,ITACOATIARA,2023-01-22,509,149,Domingo,,0,,0,0
510,ITACOATIARA,2023-09-30,2951,942,Sábado,,0,,0,0
510,ITACOATIARA,2023-08-30,2827,879,Quarta-feira,,0,,0,0
510,ITACOATIARA,2025-07-02,2543,614,Quarta-feira,,0,,0,0
510,ITACOATIARA,2025-06-14,1664,412,Sábado,,0,,0,0
510,ITACOATIARA,2023-02-18,1976,491,Sábado,,0,,0,0
510,ITACOATIARA,2023-11-11,2273,673,Sábado,,0,,0,0
510,ITACOATIARA,2022-08-19,2222,554,Sexta-feira,,0,,0,0
510,ITACOATIARA,2023-04-04,2636,703,Terça-feira,,0,,0,0
510,ITACOATIARA,2023-03-22,2042,490,Quarta-feira,,0,,0,0
510,ITACOATIARA,2024-11-30,4047,1221,Sábado,,0,,0,0
510,ITACOATIARA,2024-05-28,2596,720,Terça-feira,,0,,0,0
510,ITACOATIARA,2024-07-16,1555,362,Terça-feira,,0,,0,0
510,ITACOATIARA,2025-03-05,1529,432,Quarta-feira,,0,,0,0
510,ITACOATIARA,2025-02-04,2214,558,Terça-feira,,0,,0,0
510,ITACOATIARA,2022-08-25,1818,495,Quinta-feira,,0,,0,0
510,ITACOATIARA,2024-11-27,2167,479,Quarta-feira,,0,,0,0
510,ITACOATIARA,2024-09-24,1703,440,Terça-feira,,0,,0,0
510,ITACOATIARA,2023-03-05,766,129,Domingo,,0,,0,0
510,ITACOATIARA,2025-02-02,543,153,Domingo,,0,,0,0
510,ITACOATIARA,2025-05-02,3409,918,Sexta-feira,,0,,0,0
510,ITACOATIARA,2025-02-19,2076,478,Quarta-feira,,0,,0,0
510,ITACOATIARA,2024-09-06,3030,822,Sexta-feira,,0,,0,0
510,ITACOATIARA,2024-09-01,796,282,Domingo,,0,,0,0
510,ITACOATIARA,2024-01-22,2942,691,Segunda-feira,,0,,0,0
510,ITACOATIARA,2023-05-21,557,120,Domingo,,0,,0,0
510,ITACOATIARA,2023-08-27,561,167,Domingo,,0,,0,0
510,ITACOATIARA,2025-05-15,1653,369,Quinta-feira,,0,,0,0
510,ITACOATIARA,2024-08-06,2466,730,Terça-feira,,0,,0,0
510,ITACOATIARA,2024-05-24,2108,553,Sexta-feira,,0,,0,0
510,ITACOATIARA,2025-07-09,1848,477,Quarta-feira,,0,,0,0
510,ITACOATIARA,2022-12-28,2953,626,Quarta-feira,,0,,0,0
510,ITACOATIARA,2022-11-29,4409,1024,Terça-feira,,0,,0,0
510,ITACOATIARA,2024-03-13,1616,318,Quarta-feira,,0,,0,0
510,ITACOATIARA,2023-02-16,2219,516,Quinta-feira,,0,,0,0
510,ITACOATIARA,2023-10-11,2228,633,Quarta-feira,,0,,0,0
510,ITACOATIARA,2022-07-24,450,143,Domingo,,0,,0,0
510,ITACOATIARA,2023-05-12,2217,558,Sexta-feira,,0,,0,0
510,ITACOATIARA,2025-02-11,1923,478,Terça-feira,,0,,0,0
510,ITACOATIARA,2022-09-13,2086,524,Terça-feira,,0,,0,0
510,ITACOATIARA,2023-08-31,3200,981,Quinta-feira,,0,,0,0
510,ITACOATIARA,2024-06-29,1254,397,Sábado,,0,,0,0
510,ITACOATIARA,2023-08-15,504,376,Terça-feira,,0,,0,0
510,ITACOATIARA,2023-02-21,741,187,Terça-feira,,0,,0,0
510,ITACOATIARA,2023-03-11,1868,472,Sábado,,0,,0,0
510,ITACOATIARA,2025-01-30,2357,651,Quinta-feira,,0,,0,0
510,ITACOATIARA,2022-08-29,2188,582,Segunda-feira,,0,,0,0
510,ITACOATIARA,2022-07-14,1434,403,Quinta-feira,,0,,0,0
510,ITACOATIARA,2022-07-21,1986,469,Quinta-feira,,0,,0,0
510,ITACOATIARA,2023-08-09,1898,508,Quarta-feira,,0,,0,0
510,ITACOATIARA,2023-09-11,2729,633,Segunda-feira,,0,,0,0
510,ITACOATIARA,2023-05-27,2239,666,Sábado,,0,,0,0
510,ITACOATIARA,2025-02-06,2293,583,Quinta-feira,,0,,0,0
510,ITACOATIARA,2025-03-21,2203,518,Sexta-feira,,0,,0,0
510,ITACOATIARA,2024-05-05,672,212,Domingo,,0,,0,0
510,ITACOATIARA,2025-01-02,2525,680,Quinta-feira,,0,,0,0
510,ITACOATIARA,2024-02-09,2001,508,Sexta-feira,,0,,0,0
510,ITACOATIARA,2022-11-23,2473,603,Quarta-feira,,0,,0,0
510,ITACOATIARA,2023-11-16,1954,481,Quinta-feira,,0,,0,0
510,ITACOATIARA,2025-02-22,1628,402,Sábado,,0,,0,0
510,ITACOATIARA,2025-07-17,1566,348,Quinta-feira,,0,,0,0
510,ITACOATIARA,2023-08-04,2434,702,Sexta-feira,,0,,0,0
510,ITACOATIARA,2022-12-01,3648,827,Quinta-feira,,0,,0,0
510,ITACOATIARA,2022-09-07,903,275,Quarta-feira,Independência do Brasil,1,,0,0
510,ITACOATIARA,2024-05-01,1281,381,Quarta-feira,Dia do Trabalhador,1,,0,0
510,ITACOATIARA,2024-05-23,1853,544,Quinta-feira,,0,,0,0
510,ITACOATIARA,2023-05-19,2163,541,Sexta-feira,,0,,0,0
510,ITACOATIARA,2023-12-24,1082,311,Domingo,,0,Véspera de Natal,1,0
510,ITACOATIARA,2023-01-09,2779,621,Segunda-feira,,0,,0,0
510,ITACOATIARA,2024-04-04,2362,646,Quinta-feira,,0,,0,0
510,ITACOATIARA,2023-12-16,1875,547,Sábado,,0,,0,0
510,ITACOATIARA,2023-09-28,2429,715,Quinta-feira,,0,,0,0
510,ITACOATIARA,2024-08-24,1653,403,Sábado,,0,,0,0
510,ITACOATIARA,2024-10-02,2463,629,Quarta-feira,,0,,0,0
510,ITACOATIARA,2023-01-12,1991,471,Quinta-feira,,0,,0,0
510,ITACOATIARA,2022-11-26,2564,709,Sábado,,0,,0,0
510,ITACOATIARA,2023-09-14,1548,395,Quinta-feira,,0,,0,0
510,ITACOATIARA,2023-05-10,1958,481,Quarta-feira,,0,,0,0
510,ITACOATIARA,2024-03-17,493,136,Domingo,,0,,0,0
510,ITACOATIARA,2024-12-20,2220,714,Sexta-feira,,0,,0,0
510,ITACOATIARA,2022-08-23,1928,487,Terça-feira,,0,,0,0
510,ITACOATIARA,2024-08-23,1994,482,Sexta-feira,,0,,0,0
510,ITACOATIARA,2023-04-17,2051,517,Segunda-feira,,0,,0,0
510,ITACOATIARA,2023-03-20,2444,589,Segunda-feira,,0,,0,0
510,ITACOATIARA,2024-08-25,478,164,Domingo,,0,,0,0
510,ITACOATIARA,2024-08-29,2902,882,Quinta-feira,,0,,0,0
510,ITACOATIARA,2025-02-18,2263,548,Terça-feira,,0,,0,0
510,ITACOATIARA,2025-03-14,1588,436,Sexta-feira,,0,,0,0
510,ITACOATIARA,2024-02-26,2303,521,Segunda-feira,,0,,0,0
510,ITACOATIARA,2023-08-14,1830,438,Segunda-feira,,0,,0,0
510,ITACOATIARA,2023-06-07,2954,756,Quarta-feira,,0,,0,0
510,ITACOATIARA,2023-12-12,2848,697,Terça-feira,,0,,0,0
510,ITACOATIARA,2024-01-17,1564,370,Quarta-feira,,0,,0,0
510,ITACOATIARA,2025-01-14,1651,395,Terça-feira,,0,,0,0
510,ITACOATIARA,2024-09-26,1919,437,Quinta-feira,,0,,0,0
510,ITACOATIARA,2025-02-27,2437,555,Quinta-feira,,0,,0,0
510,ITACOATIARA,2022-10-21,2716,637,Sexta-feira,,0,,0,0
510,ITACOATIARA,2024-01-23,2145,526,Terça-feira,,0,,0,0
510,ITACOATIARA,2023-10-24,1872,465,Terça-feira,,0,,0,0
510,ITACOATIARA,2024-09-22,468,139,Domingo,,0,,0,0
510,ITACOATIARA,2023-08-26,2160,642,Sábado,,0,,0,0
510,ITACOATIARA,2023-11-27,2525,674,Segunda-feira,,0,,0,0
510,ITACOATIARA,2025-03-18,1873,497,Terça-feira,,0,,0,0
510,ITACOATIARA,2025-03-07,3213,732,Sexta-feira,,0,,0,0
510,ITACOATIARA,2023-02-14,2148,520,Terça-feira,,0,,0,0
510,ITACOATIARA,2023-11-02,957,326,Quinta-feira,Finados,1,,0,0
510,ITACOATIARA,2023-03-02,3384,919,Quinta-feira,,0,,0,0
510,ITACOATIARA,2024-07-31,2836,849,Quarta-feira,,0,,0,0
510,ITACOATIARA,2024-11-12,2102,573,Terça-feira,,0,,0,0
510,ITACOATIARA,2024-11-14,3334,800,Quinta-feira,,0,,0,0
510,ITACOATIARA,2022-07-07,2604,790,Quinta-feira,,0,,0,0
510,ITACOATIARA,2023-12-11,4015,850,Segunda-feira,,0,,0,0
510,ITACOATIARA,2025-05-28,2871,790,Quarta-feira,,0,,0,0
510,ITACOATIARA,2024-02-20,2138,507,Terça-feira,,0,,0,0
510,ITACOATIARA,2023-08-29,2711,643,Terça-feira,,0,,0,0
510,ITACOATIARA,2023-02-25,2159,543,Sábado,,0,,0,0
510,ITACOATIARA,2023-02-24,3151,676,Sexta-feira,,0,,0,0
510,ITACOATIARA,2024-10-31,2585,641,Quinta-feira,,0,,0,0
510,ITACOATIARA,2024-07-27,2181,602,Sábado,,0,,0,0
510,ITACOATIARA,2023-01-30,3498,826,Segunda-feira,,0,,0,0
510,ITACOATIARA,2024-10-13,707,205,Domingo,,0,,0,0
510,ITACOATIARA,2023-03-24,2235,519,Sexta-feira,,0,,0,0
510,ITACOATIARA,2025-07-29,2338,577,Terça-feira,,0,,0,0
510,ITACOATIARA,2023-03-04,2565,704,Sábado,,0,,0,0
510,ITACOATIARA,2024-07-02,3271,816,Terça-feira,,0,,0,0
510,ITACOATIARA,2025-07-19,1684,409,Sábado,,0,,0,0
510,ITACOATIARA,2024-07-12,1505,345,Sexta-feira,,0,,0,0
510,ITACOATIARA,2023-08-18,1941,428,Sexta-feira,,0,,0,0
510,ITACOATIARA,2025-02-13,1617,388,Quinta-feira,,0,,0,0
510,ITACOATIARA,2025-08-13,1536,376,Quarta-feira,,0,,0,0
510,ITACOATIARA,2024-10-24,1711,405,Quinta-feira,,0,,0,0
510,ITACOATIARA,2024-07-06,2101,557,Sábado,,0,,0,0
510,ITACOATIARA,2023-05-18,1864,459,Quinta-feira,,0,,0,0
510,ITACOATIARA,2023-11-05,637,169,Domingo,,0,,0,0
510,ITACOATIARA,2024-10-07,3071,796,Segunda-feira,,0,,0,0
510,ITACOATIARA,2025-07-08,2230,605,Terça-feira,,0,,0,0
510,ITACOATIARA,2025-04-28,3609,820,Segunda-feira,,0,,0,0
510,ITACOATIARA,2022-12-15,0,594,Quinta-feira,,0,,0,1
510,ITACOATIARA,2024-09-10,2480,581,Terça-feira,,0,,0,0
510,ITACOATIARA,2024-08-08,2103,572,Quinta-feira,,0,,0,0
510,ITACOATIARA,2025-06-19,782,189,Quinta-feira,,0,,0,0
510,ITACOATIARA,2022-09-24,1934,554,Sábado,,0,,0,0
510,ITACOATIARA,2022-07-11,2076,588,Segunda-feira,,0,,0,0
510,ITACOATIARA,2023-12-14,1912,515,Quinta-feira,,0,,0,0
510,ITACOATIARA,2023-07-30,826,278,Domingo,,0,,0,0
510,ITACOATIARA,2025-07-05,2147,640,Sábado,,0,,0,0
510,ITACOATIARA,2024-04-21,379,121,Domingo,Tiradentes,1,,0,0
510,ITACOATIARA,2024-11-18,3079,724,Segunda-feira,,0,,0,0
510,ITACOATIARA,2024-06-03,3221,824,Segunda-feira,,0,,0,0
510,ITACOATIARA,2025-07-20,452,128,Domingo,,0,,0,0
510,ITACOATIARA,2025-07-23,1666,424,Quarta-feira,,0,,0,0
510,ITACOATIARA,2023-02-12,516,132,Domingo,,0,,0,0
510,ITACOATIARA,2023-06-19,1851,415,Segunda-feira,,0,,0,0
510,ITACOATIARA,2023-03-09,2201,581,Quinta-feira,,0,,0,0
510,ITACOATIARA,2023-01-08,700,183,Domingo,,0,,0,0
510,ITACOATIARA,2024-12-13,2044,517,Sexta-feira,,0,,0,0
510,ITACOATIARA,2024-04-26,3490,1044,Sexta-feira,,0,,0,0
510,ITACOATIARA,2022-07-01,3334,934,Sexta-feira,,0,,0,0
510,ITACOATIARA,2024-03-20,2041,538,Quarta-feira,,0,,0,0
510,ITACOATIARA,2024-05-07,2756,671,Terça-feira,,0,,0,0
510,ITACOATIARA,2024-04-30,3893,1102,Terça-feira,,0,,0,0
510,ITACOATIARA,2023-08-19,1626,439,Sábado,,0,,0,0
510,ITACOATIARA,2023-02-06,3586,881,Segunda-feira,,0,,0,0
510,ITACOATIARA,2023-01-20,2479,639,Sexta-feira,,0,,0,0
510,ITACOATIARA,2025-07-07,2873,744,Segunda-feira,,0,,0,0
510,ITACOATIARA,2023-06-29,1946,602,Quinta-feira,,0,,0,0
510,ITACOATIARA,2024-11-16,2309,663,Sábado,,0,,0,0
510,ITACOATIARA,2024-11-20,1533,325,Quarta-feira,Dia Nacional de Zumbi e da Consciência Negra,1,,0,0
510,ITACOATIARA,2023-09-24,526,138,Domingo,,0,,0,0
510,ITACOATIARA,2023-06-11,632,176,Domingo,,0,,0,0
510,ITACOATIARA,2024-07-26,2446,670,Sexta-feira,,0,,0,0
510,ITACOATIARA,2025-06-25,1933,459,Quarta-feira,,0,,0,0
510,ITACOATIARA,2025-02-08,2059,588,Sábado,,0,,0,0
510,ITACOATIARA,2024-03-02,2253,630,Sábado,,0,,0,0
510,ITACOATIARA,2023-03-07,2782,633,Terça-feira,,0,,0,0
510,ITACOATIARA,2025-01-15,1676,418,Quarta-feira,,0,,0,0
510,ITACOATIARA,2024-10-08,2578,711,Terça-feira,,0,,0,0
510,ITACOATIARA,2024-11-13,1785,417,Quarta-feira,,0,,0,0
510,ITACOATIARA,2022-10-07,0,811,Sexta-feira,,0,,0,1
510,ITACOATIARA,2022-09-19,2232,560,Segunda-feira,,0,,0,0
510,ITACOATIARA,2023-12-31,1164,288,Domingo,,0,Véspera de Ano Novo,1,0
510,ITACOATIARA,2024-03-14,1667,378,Quinta-feira,,0,,0,0
510,ITACOATIARA,2022-07-17,516,168,Domingo,,0,,0,0
510,ITACOATIARA,2023-12-01,2746,744,Sexta-feira,,0,,0,0
510,ITACOATIARA,2024-01-06,2106,628,Sábado,,0,,0,0
510,ITACOATIARA,2025-08-07,2414,594,Quinta-feira,,0,,0,0
510,ITACOATIARA,2024-06-11,1952,489,Terça-feira,,0,,0,0
510,ITACOATIARA,2025-08-21,1802,479,Quinta-feira,,0,,0,0
510,ITACOATIARA,2025-08-18,1950,496,Segunda-feira,,0,,0,0
510,ITACOATIARA,2023-03-28,2412,510,Terça-feira,,0,,0,0
510,ITACOATIARA,2024-10-05,2091,631,Sábado,,0,,0,0
510,ITACOATIARA,2025-04-14,1783,432,Segunda-feira,,0,,0,0
510,ITACOATIARA,2022-07-05,2637,728,Terça-feira,,0,,0,0
510,ITACOATIARA,2024-03-25,2316,540,Segunda-feira,,0,,0,0
510,ITACOATIARA,2023-12-17,585,179,Domingo,,0,,0,0
510,ITACOATIARA,2024-12-02,3422,781,Segunda-feira,,0,,0,0
510,ITACOATIARA,2025-06-18,1747,448,Quarta-feira,,0,,0,0
510,ITACOATIARA,2023-01-11,1881,491,Quarta-feira,,0,,0,0
510,ITACOATIARA,2022-10-11,2897,776,Terça-feira,,0,,0,0
510,ITACOATIARA,2023-07-01,2826,832,Sábado,,0,,0,0
510,ITACOATIARA,2025-05-08,2561,646,Quinta-feira,,0,,0,0
510,ITACOATIARA,2025-06-03,2597,659,Terça-feira,,0,,0,0
510,ITACOATIARA,2023-01-16,2063,512,Segunda-feira,,0,,0,0
510,ITACOATIARA,2022-12-03,2831,800,Sábado,,0,,0,0
510,ITACOATIARA,2023-08-24,1892,526,Quinta-feira,,0,,0,0
510,ITACOATIARA,2023-07-06,2734,688,Quinta-feira,,0,,0,0
510,ITACOATIARA,2023-10-04,2593,670,Quarta-feira,,0,,0,0
510,ITACOATIARA,2022-12-07,3065,714,Quarta-feira,,0,,0,0
510,ITACOATIARA,2022-11-03,3913,1109,Quinta-feira,,0,,0,0
510,ITACOATIARA,2023-08-03,2324,621,Quinta-feira,,0,,0,0
510,ITACOATIARA,2023-06-12,2349,691,Segunda-feira,,0,Dia dos Namorados,1,0
510,ITACOATIARA,2023-10-31,2708,706,Terça-feira,,0,,0,0
510,ITACOATIARA,2023-06-08,1118,317,Quinta-feira,,0,,0,0
510,ITACOATIARA,2024-09-18,2497,560,Quarta-feira,,0,,0,0
510,ITACOATIARA,2024-07-03,2725,693,Quarta-feira,,0,,0,0
510,ITACOATIARA,2023-11-04,1917,587,Sábado,,0,,0,0
510,ITACOATIARA,2024-12-30,4238,1008,Segunda-feira,,0,,0,0
510,ITACOATIARA,2024-03-01,3228,911,Sexta-feira,,0,,0,0
510,ITACOATIARA,2024-10-25,2231,535,Sexta-feira,,0,,0,0
510,ITACOATIARA,2024-08-13,1815,403,Terça-feira,,0,,0,0
510,ITACOATIARA,2024-08-09,2034,576,Sexta-feira,,0,,0,0
510,ITACOATIARA,2024-04-09,1894,471,Terça-feira,,0,,0,0
510,ITACOATIARA,2023-07-27,2297,570,Quinta-feira,,0,,0,0
510,ITACOATIARA,2025-07-15,1638,389,Terça-feira,,0,,0,0
510,ITACOATIARA,2023-02-05,729,200,Domingo,,0,,0,0
510,ITACOATIARA,2023-11-17,4026,945,Sexta-feira,,0,,0,0
510,ITACOATIARA,2023-05-01,1151,307,Segunda-feira,Dia do Trabalhador,1,,0,0
510,ITACOATIARA,2024-07-28,499,173,Domingo,,0,,0,0
510,ITACOATIARA,2023-09-03,675,183,Domingo,,0,,0,0
510,ITACOATIARA,2025-03-10,2841,647,Segunda-feira,,0,,0,0
510,ITACOATIARA,2022-12-22,509,879,Quinta-feira,,0,,0,0
510,ITACOATIARA,2023-04-02,320,102,Domingo,,0,,0,0
510,ITACOATIARA,2024-11-19,2334,551,Terça-feira,,0,,0,0
510,ITACOATIARA,2022-10-03,0,1050,Segunda-feira,,0,,0,1
510,ITACOATIARA,2024-02-27,2374,563,Terça-feira,,0,,0,0
510,ITACOATIARA,2025-03-16,597,176,Domingo,,0,,0,0
510,ITACOATIARA,2023-10-26,2190,533,Quinta-feira,,0,,0,0
510,ITACOATIARA,2022-09-25,487,165,Domingo,,0,,0,0
510,ITACOATIARA,2022-08-20,1666,493,Sábado,,0,,0,0
510,ITACOATIARA,2024-06-14,1659,462,Sexta-feira,,0,,0,0
510,ITACOATIARA,2023-07-22,1594,452,Sábado,,0,,0,0
510,ITACOATIARA,2024-10-04,2755,796,Sexta-feira,,0,,0,0
510,ITACOATIARA,2025-04-08,2300,598,Terça-feira,,0,,0,0
510,ITACOATIARA,2024-05-08,2602,699,Quarta-feira,,0,,0,0
510,ITACOATIARA,2025-03-27,1945,456,Quinta-feira,,0,,0,0
510,ITACOATIARA,2023-06-01,3178,866,Quinta-feira,,0,,0,0
510,ITACOATIARA,2024-10-29,2646,607,Terça-feira,,0,,0,0
510,ITACOATIARA,2025-04-29,3069,819,Terça-feira,,0,,0,0
510,ITACOATIARA,2022-07-27,2160,518,Quarta-feira,,0,,0,0
510,ITACOATIARA,2023-08-17,1667,380,Quinta-feira,,0,,0,0
510,ITACOATIARA,2023-06-17,1711,416,Sábado,,0,,0,0
510,ITACOATIARA,2024-05-26,469,141,Domingo,,0,,0,0
510,ITACOATIARA,2024-06-25,2213,540,Terça-feira,,0,,0,0
510,ITACOATIARA,2025-07-22,1810,411,Terça-feira,,0,,0,0
510,ITACOATIARA,2023-11-30,2750,983,Quinta-feira,,0,,0,0
510,ITACOATIARA,2022-07-31,848,293,Domingo,,0,,0,0
510,ITACOATIARA,2024-08-15,1771,407,Quinta-feira,,0,,0,0
510,ITACOATIARA,2025-04-23,1815,426,Quarta-feira,,0,,0,0
510,ITACOATIARA,2025-08-02,2279,647,Sábado,,0,,0,0
510,ITACOATIARA,2025-05-24,1652,426,Sábado,,0,,0,0
510,ITACOATIARA,2022-10-05,0,782,Quarta-feira,,0,,0,1
510,ITACOATIARA,2023-12-07,2793,669,Quinta-feira,,0,,0,0
510,ITACOATIARA,2023-05-24,2031,454,Quarta-feira,,0,,0,0
510,ITACOATIARA,2023-08-12,1779,528,Sábado,,0,,0,0
510,ITACOATIARA,2023-02-03,2829,809,Sexta-feira,,0,,0,0
510,ITACOATIARA,2023-11-25,2481,686,Sábado,,0,,0,0
510,ITACOATIARA,2024-02-25,472,144,Domingo,,0,,0,0
510,ITACOATIARA,2025-01-28,1939,490,Terça-feira,,0,,0,0
510,ITACOATIARA,2024-06-04,2861,686,Terça-feira,,0,,0,0
510,ITACOATIARA,2025-02-12,1427,371,Quarta-feira,,0,,0,0
510,ITACOATIARA,2022-08-02,2682,753,Terça-feira,,0,,0,0
510,ITACOATIARA,2022-09-06,2847,877,Terça-feira,,0,,0,0
510,ITACOATIARA,2022-08-06,2500,705,Sábado,,0,,0,0
510,ITACOATIARA,2023-07-10,2653,660,Segunda-feira,,0,,0,0
510,ITACOATIARA,2024-10-30,2633,690,Quarta-feira,,0,,0,0
510,ITACOATIARA,2025-01-08,2301,621,Quarta-feira,,0,,0,0
510,ITACOATIARA,2024-06-28,3782,1041,Sexta-feira,,0,,0,0
510,ITACOATIARA,2024-01-02,2890,691,Terça-feira,,0,,0,0
510,ITACOATIARA,2025-06-20,2127,525,Sexta-feira,,0,,0,0
510,ITACOATIARA,2025-04-26,2425,586,Sábado,,0,,0,0
510,ITACOATIARA,2022-07-04,2991,843,Segunda-feira,,0,,0,0
510,ITACOATIARA,2024-04-24,2094,481,Quarta-feira,,0,,0,0
510,ITACOATIARA,2023-10-14,1621,377,Sábado,,0,,0,0
510,ITACOATIARA,2023-02-15,2769,547,Quarta-feira,,0,,0,0
510,ITACOATIARA,2024-01-29,2581,624,Segunda-feira,,0,,0,0
510,ITACOATIARA,2024-12-23,3438,940,Segunda-feira,,0,,0,0
510,ITACOATIARA,2024-07-08,2917,687,Segunda-feira,,0,,0,0
510,ITACOATIARA,2025-03-03,2424,620,Segunda-feira,,0,,0,0
510,ITACOATIARA,2025-02-14,1596,441,Sexta-feira,,0,,0,0
510,ITACOATIARA,2023-12-26,2729,751,Terça-feira,,0,,0,0
510,ITACOATIARA,2023-02-13,2405,585,Segunda-feira,,0,,0,0
510,ITACOATIARA,2023-03-08,2035,549,Quarta-feira,,0,Dia Internacional da Mulher,1,0
510,ITACOATIARA,2024-04-19,2043,528,Sexta-feira,,0,,0,0
510,ITACOATIARA,2023-01-15,499,124,Domingo,,0,,0,0
510,ITACOATIARA,2023-11-14,1903,468,Terça-feira,,0,,0,0
510,ITACOATIARA,2024-01-04,2341,598,Quinta-feira,,0,,0,0
510,ITACOATIARA,2023-11-07,2467,658,Terça-feira,,0,,0,0
510,ITACOATIARA,2023-02-22,1416,345,Quarta-feira,,0,,0,0
510,ITACOATIARA,2025-03-30,620,155,Domingo,,0,,0,0
510,ITACOATIARA,2024-10-09,2038,522,Quarta-feira,,0,,0,0
510,ITACOATIARA,2022-11-01,2830,754,Terça-feira,,0,,0,0
510,ITACOATIARA,2022-12-20,2479,727,Terça-feira,,0,,0,0
510,ITACOATIARA,2022-10-17,2440,519,Segunda-feira,,0,,0,0
510,ITACOATIARA,2024-03-30,2582,709,Sábado,,0,,0,0
510,ITACOATIARA,2025-05-16,1654,401,Sexta-feira,,0,,0,0
510,ITACOATIARA,2025-07-27,527,144,Domingo,,0,,0,0
510,ITACOATIARA,2023-10-02,3732,1005,Segunda-feira,,0,,0,0
510,ITACOATIARA,2023-10-03,2709,635,Terça-feira,,0,,0,0
510,ITACOATIARA,2023-03-06,3822,863,Segunda-feira,,0,,0,0
510,ITACOATIARA,2024-07-07,570,175,Domingo,,0,,0,0
510,ITACOATIARA,2025-01-26,310,88,Domingo,,0,,0,0
510,ITACOATIARA,2022-11-06,745,233,Domingo,,0,,0,0
510,ITACOATIARA,2025-07-11,1765,423,Sexta-feira,,0,,0,0
510,ITACOATIARA,2023-06-10,1948,497,Sábado,,0,,0,0
510,ITACOATIARA,2023-02-19,585,198,Domingo,,0,,0,0
510,ITACOATIARA,2023-10-01,843,318,Domingo,,0,,0,0
510,ITACOATIARA,2023-05-13,2199,638,Sábado,,0,,0,0
510,ITACOATIARA,2024-11-11,2846,670,Segunda-feira,,0,,0,0
510,ITACOATIARA,2023-01-05,2821,768,Quinta-feira,,0,,0,0
510,ITACOATIARA,2023-07-12,1852,395,Quarta-feira,,0,,0,0
510,ITACOATIARA,2023-05-06,2491,719,Sábado,,0,,0,0
510,ITACOATIARA,2025-04-13,435,151,Domingo,,0,,0,0
510,ITACOATIARA,2024-08-11,643,190,Domingo,,0,Dia dos Pais,1,0
510,ITACOATIARA,2024-04-23,1860,482,Terça-feira,,0,,0,0
510,ITACOATIARA,2023-03-18,1937,493,Sábado,,0,,0,0
510,ITACOATIARA,2024-05-14,1327,406,Terça-feira,,0,,0,0
510,ITACOATIARA,2024-02-22,2046,493,Quinta-feira,,0,,0,0
510,ITACOATIARA,2022-07-06,2572,727,Quarta-feira,,0,,0,0
510,ITACOATIARA,2023-01-29,666,192,Domingo,,0,,0,0
510,ITACOATIARA,2022-11-07,2747,695,Segunda-feira,,0,,0,0
510,ITACOATIARA,2022-08-31,3060,974,Quarta-feira,,0,,0,0
510,ITACOATIARA,2024-09-13,1657,347,Sexta-feira,,0,,0,0
510,ITACOATIARA,2024-05-30,1676,488,Quinta-feira,,0,,0,0
510,ITACOATIARA,2023-03-29,2791,799,Quarta-feira,,0,,0,0
510,ITACOATIARA,2022-08-17,2046,494,Quarta-feira,,0,,0,0
510,ITACOATIARA,2025-05-11,923,325,Domingo,,0,Dia das Mães,1,0
510,ITACOATIARA,2025-06-04,2387,598,Quarta-feira,,0,,0,0
510,ITACOATIARA,2023-01-06,3042,820,Sexta-feira,,0,,0,0
510,ITACOATIARA,2023-06-16,1703,467,Sexta-feira,,0,,0,0
510,ITACOATIARA,2023-07-24,2082,501,Segunda-feira,,0,,0,0
510,ITACOATIARA,2023-10-06,2771,804,Sexta-feira,,0,,0,0
510,ITACOATIARA,2023-05-16,1861,464,Terça-feira,,0,,0,0
510,ITACOATIARA,2023-08-28,2736,747,Segunda-feira,,0,,0,0
510,ITACOATIARA,2024-03-24,487,154,Domingo,,0,,0,0
510,ITACOATIARA,2023-07-26,2110,494,Quarta-feira,,0,,0,0
510,ITACOATIARA,2025-07-26,2158,584,Sábado,,0,,0,0
510,ITACOATIARA,2025-04-27,722,166,Domingo,,0,,0,0
510,ITACOATIARA,2025-05-12,2120,546,Segunda-feira,,0,,0,0
510,ITACOATIARA,2024-11-22,2060,479,Sexta-feira,,0,Black Friday,1,0
510,ITACOATIARA,2022-10-26,2524,512,Quarta-feira,,0,,0,0
510,ITACOATIARA,2024-09-19,2153,564,Quinta-feira,,0,,0,0
510,ITACOATIARA,2022-12-13,0,614,Terça-feira,,0,,0,1
510,ITACOATIARA,2024-06-09,550,186,Domingo,,0,,0,0
510,ITACOATIARA,2022-09-28,2658,635,Quarta-feira,,0,,0,0
510,ITACOATIARA,2025-03-19,1647,374,Quarta-feira,,0,,0,0
510,ITACOATIARA,2023-05-03,2596,633,Quarta-feira,,0,,0,0
510,ITACOATIARA,2024-02-14,1265,362,Quarta-feira,,0,,0,0
510,ITACOATIARA,2025-01-22,1919,475,Quarta-feira,,0,,0,0
510,ITACOATIARA,2023-12-03,358,95,Domingo,,0,,0,0
510,ITACOATIARA,2025-08-08,2200,606,Sexta-feira,,0,,0,0
510,ITACOATIARA,2024-04-02,2532,681,Terça-feira,,0,,0,0
510,ITACOATIARA,2023-03-15,1988,445,Quarta-feira,,0,Dia do Consumidor,1,0
510,ITACOATIARA,2023-12-19,2503,665,Terça-feira,,0,,0,0
510,ITACOATIARA,2023-01-23,2737,663,Segunda-feira,,0,,0,0
510,ITACOATIARA,2025-06-27,3348,807,Sexta-feira,,0,,0,0
510,ITACOATIARA,2024-10-21,2641,679,Segunda-feira,,0,,0,0
510,ITACOATIARA,2022-09-30,4835,1244,Sexta-feira,,0,,0,0
510,ITACOATIARA,2022-11-21,3021,654,Segunda-feira,,0,,0,0
510,ITACOATIARA,2025-07-10,1773,460,Quinta-feira,,0,,0,0
510,ITACOATIARA,2024-02-07,2456,607,Quarta-feira,,0,,0,0
510,ITACOATIARA,2023-12-27,2428,568,Quarta-feira,,0,,0,0
510,ITACOATIARA,2023-09-27,2211,549,Quarta-feira,,0,,0,0
510,ITACOATIARA,2023-10-20,2505,587,Sexta-feira,,0,,0,0
510,ITACOATIARA,2023-10-08,686,243,Domingo,,0,,0,0
510,ITACOATIARA,2024-08-12,1871,460,Segunda-feira,,0,,0,0
510,ITACOATIARA,2025-06-30,3832,913,Segunda-feira,,0,,0,0
510,ITACOATIARA,2025-04-19,1938,489,Sábado,,0,,0,0
510,ITACOATIARA,2022-12-27,2611,579,Terça-feira,,0,,0,0
510,ITACOATIARA,2022-12-12,0,849,Segunda-feira,,0,,0,1
510,ITACOATIARA,2022-12-17,0,550,Sábado,,0,,0,1
510,ITACOATIARA,2024-06-21,2056,544,Sexta-feira,,0,,0,0
510,ITACOATIARA,2024-01-20,2151,654,Sábado,,0,,0,0
510,ITACOATIARA,2024-07-24,1823,453,Quarta-feira,,0,,0,0
510,ITACOATIARA,2025-07-12,1606,415,Sábado,,0,,0,0
510,ITACOATIARA,2023-12-06,2829,711,Quarta-feira,,0,,0,0
510,ITACOATIARA,2025-06-29,691,190,Domingo,,0,,0,0
510,ITACOATIARA,2025-05-22,1680,445,Quinta-feira,,0,,0,0
510,ITACOATIARA,2024-06-19,1748,402,Quarta-feira,,0,,0,0
510,ITACOATIARA,2025-01-19,703,64,Domingo,,0,,0,0
510,ITACOATIARA,2023-01-28,2173,586,Sábado,,0,,0,0
510,ITACOATIARA,2025-03-31,3595,939,Segunda-feira,,0,,0,0
510,ITACOATIARA,2024-07-01,4133,1039,Segunda-feira,,0,,0,0
510,ITACOATIARA,2024-06-15,1570,404,Sábado,,0,,0,0
510,ITACOATIARA,2022-11-16,2770,527,Quarta-feira,,0,,0,0
510,ITACOATIARA,2023-09-29,3584,1065,Sexta-feira,,0,,0,0
510,ITACOATIARA,2023-12-05,2376,641,Terça-feira,,0,,0,0
510,ITACOATIARA,2024-01-26,2116,546,Sexta-feira,,0,,0,0
510,ITACOATIARA,2023-05-22,2246,514,Segunda-feira,,0,,0,0
510,ITACOATIARA,2023-06-03,2301,638,Sábado,,0,,0,0
510,ITACOATIARA,2025-04-12,1588,394,Sábado,,0,,0,0
510,ITACOATIARA,2023-03-17,1589,398,Sexta-feira,,0,,0,0
510,ITACOATIARA,2024-09-17,3357,710,Terça-feira,,0,,0,0
510,ITACOATIARA,2024-08-14,1631,360,Quarta-feira,,0,,0,0
510,ITACOATIARA,2024-06-13,1560,364,Quinta-feira,,0,,0,0
510,ITACOATIARA,2024-08-27,2208,528,Terça-feira,,0,,0,0
510,ITACOATIARA,2025-08-20,1863,451,Quarta-feira,,0,,0,0
510,ITACOATIARA,2023-06-04,726,242,Domingo,,0,,0,0
510,ITACOATIARA,2024-06-27,3148,856,Quinta-feira,,0,,0,0
510,ITACOATIARA,2024-04-01,3844,1023,Segunda-feira,,0,,0,0
510,ITACOATIARA,2022-08-03,2363,644,Quarta-feira,,0,,0,0
510,ITACOATIARA,2024-05-09,2308,645,Quinta-feira,,0,,0,0
510,ITACOATIARA,2023-05-25,1961,502,Quinta-feira,,0,,0,0
510,ITACOATIARA,2023-02-01,4116,1167,Quarta-feira,,0,,0,0
510,ITACOATIARA,2022-09-01,3328,1003,Quinta-feira,,0,,0,0
510,ITACOATIARA,2025-08-09,2145,609,Sábado,,0,,0,0
510,ITACOATIARA,2023-11-03,2960,869,Sexta-feira,,0,,0,0
510,ITACOATIARA,2023-07-13,1640,397,Quinta-feira,,0,,0,0
510,ITACOATIARA,2024-07-30,2922,852,Terça-feira,,0,,0,0
510,ITACOATIARA,2022-11-11,2353,611,Sexta-feira,,0,,0,0
510,ITACOATIARA,2024-10-17,1440,309,Quinta-feira,,0,,0,0
510,ITACOATIARA,2022-08-22,2433,641,Segunda-feira,,0,,0,0
510,ITACOATIARA,2025-03-15,1467,403,Sábado,,0,Dia do Consumidor,1,0
510,ITACOATIARA,2024-08-30,3346,983,Sexta-feira,,0,,0,0
510,ITACOATIARA,2024-03-15,2043,476,Sexta-feira,,0,Dia do Consumidor,1,0
510,ITACOATIARA,2024-12-11,2312,562,Quarta-feira,,0,,0,0
510,ITACOATIARA,2025-03-17,1778,435,Segunda-feira,,0,,0,0
510,ITACOATIARA,2024-09-04,2439,705,Quarta-feira,,0,,0,0
510,ITACOATIARA,2022-12-19,0,769,Segunda-feira,,0,,0,1
510,ITACOATIARA,2025-06-02,3046,815,Segunda-feira,,0,,0,0
510,ITACOATIARA,2023-10-22,575,144,Domingo,,0,,0,0
510,ITACOATIARA,2025-01-09,2036,525,Quinta-feira,,0,,0,0
510,ITACOATIARA,2023-06-27,2293,655,Terça-feira,,0,,0,0
510,ITACOATIARA,2024-02-23,2158,530,Sexta-feira,,0,,0,0
510,ITACOATIARA,2023-12-08,1414,324,Sexta-feira,,0,,0,0
510,ITACOATIARA,2024-12-29,578,206,Domingo,,0,,0,0
510,ITACOATIARA,2023-10-19,2828,654,Quinta-feira,,0,,0,0
510,ITACOATIARA,2025-08-29,3170,905,Sexta-feira,,0,,0,0
510,ITACOATIARA,2025-04-17,1977,515,Quinta-feira,,0,,0,0
510,ITACOATIARA,2022-09-27,2382,587,Terça-feira,,0,,0,0
510,ITACOATIARA,2024-04-16,1743,440,Terça-feira,,0,,0,0
510,ITACOATIARA,2025-03-22,1736,457,Sábado,,0,,0,0
510,ITACOATIARA,2025-02-05,2532,663,Quarta-feira,,0,,0,0
510,ITACOATIARA,2023-05-29,2931,778,Segunda-feira,,0,,0,0
510,ITACOATIARA,2023-05-09,2274,562,Terça-feira,,0,,0,0
510,ITACOATIARA,2023-09-19,1850,499,Terça-feira,,0,,0,0
510,ITACOATIARA,2023-11-15,1161,273,Quarta-feira,Proclamação da República,1,,0,0
510,ITACOATIARA,2024-11-15,1853,513,Sexta-feira,Proclamação da República,1,,0,0
510,ITACOATIARA,2022-12-05,3200,814,Segunda-feira,,0,,0,0
510,ITACOATIARA,2025-07-18,1710,376,Sexta-feira,,0,,0,0
510,ITACOATIARA,2024-05-29,2311,866,Quarta-feira,,0,,0,0
510,ITACOATIARA,2024-02-28,2830,771,Quarta-feira,,0,,0,0
510,ITACOATIARA,2023-04-12,1778,447,Quarta-feira,,0,,0,0
510,ITACOATIARA,2022-08-28,570,159,Domingo,,0,,0,0
510,ITACOATIARA,2023-01-27,2611,627,Sexta-feira,,0,,0,0
510,ITACOATIARA,2022-11-18,3538,600,Sexta-feira,,0,,0,0
510,ITACOATIARA,2024-05-16,1195,425,Quinta-feira,,0,,0,0
510,ITACOATIARA,2022-07-02,2233,730,Sábado,,0,,0,0
510,ITACOATIARA,2023-07-17,1928,454,Segunda-feira,,0,,0,0
510,ITACOATIARA,2023-04-11,2145,548,Terça-feira,,0,,0,0
510,ITACOATIARA,2023-01-19,2365,528,Quinta-feira,,0,,0,0
510,ITACOATIARA,2022-10-24,2810,621,Segunda-feira,,0,,0,0
510,ITACOATIARA,2025-03-25,1995,486,Terça-feira,,0,,0,0
510,ITACOATIARA,2024-01-21,599,168,Domingo,,0,,0,0
510,ITACOATIARA,2024-05-17,1295,434,Sexta-feira,,0,,0,0
510,ITACOATIARA,2022-11-04,3584,971,Sexta-feira,,0,,0,0
510,ITACOATIARA,2022-09-26,2526,634,Segunda-feira,,0,,0,0
510,ITACOATIARA,2025-01-20,4272,938,Segunda-feira,,0,,0,0
510,ITACOATIARA,2023-12-13,2155,521,Quarta-feira,,0,,0,0
510,ITACOATIARA,2025-08-28,2832,798,Quinta-feira,,0,,0,0
510,ITACOATIARA,2025-03-02,733,200,Domingo,,0,,0,0
510,ITACOATIARA,2025-07-06,642,213,Domingo,,0,,0,0
510,ITACOATIARA,2022-12-16,0,730,Sexta-feira,,0,,0,1
510,ITACOATIARA,2023-03-03,2969,784,Sexta-feira,,0,,0,0
510,ITACOATIARA,2023-09-01,2862,827,Sexta-feira,,0,,0,0
510,ITACOATIARA,2022-09-21,2643,584,Quarta-feira,,0,,0,0
510,ITACOATIARA,2024-12-16,2468,614,Segunda-feira,,0,,0,0
510,ITACOATIARA,2022-11-30,4747,1234,Quarta-feira,,0,,0,0
510,ITACOATIARA,2023-11-26,675,188,Domingo,,0,,0,0
510,ITACOATIARA,2025-01-10,1958,504,Sexta-feira,,0,,0,0
510,ITACOATIARA,2025-06-13,1593,429,Sexta-feira,,0,,0,0
510,ITACOATIARA,2024-08-01,2524,730,Quinta-feira,,0,,0,0
510,ITACOATIARA,2024-11-02,1390,423,Sábado,Finados,1,,0,0
510,ITACOATIARA,2024-01-25,1704,441,Quinta-feira,,0,,0,0
510,ITACOATIARA,2023-05-04,2421,682,Quinta-feira,,0,,0,0
510,ITACOATIARA,2022-09-14,2035,417,Quarta-feira,,0,,0,0
510,ITACOATIARA,2025-03-08,1589,452,Sábado,,0,Dia Internacional da Mulher,1,0
510,ITACOATIARA,2024-09-20,2060,509,Sexta-feira,,0,,0,0
510,ITACOATIARA,2024-06-18,1887,465,Terça-feira,,0,,0,0
510,ITACOATIARA,2022-09-16,1808,362,Sexta-feira,,0,,0,0
510,ITACOATIARA,2024-08-05,2773,719,Segunda-feira,,0,,0,0
510,ITACOATIARA,2025-04-15,1955,471,Terça-feira,,0,,0,0
510,ITACOATIARA,2022-11-25,3607,933,Sexta-feira,,0,Black Friday,1,0
510,ITACOATIARA,2022-09-22,2414,621,Quinta-feira,,0,,0,0
510,ITACOATIARA,2023-06-13,1819,483,Terça-feira,,0,,0,0
510,ITACOATIARA,2024-05-15,1216,438,Quarta-feira,,0,,0,0
510,ITACOATIARA,2024-09-23,2007,547,Segunda-feira,,0,,0,0
510,ITACOATIARA,2025-02-01,2148,573,Sábado,,0,,0,0
510,ITACOATIARA,2023-06-05,3327,824,Segunda-feira,,0,,0,0
510,ITACOATIARA,2024-08-28,2154,601,Quarta-feira,,0,,0,0
510,ITACOATIARA,2024-04-15,2146,568,Segunda-feira,,0,,0,0
510,ITACOATIARA,2024-06-02,566,195,Domingo,,0,,0,0
510,ITACOATIARA,2023-06-06,3127,756,Terça-feira,,0,,0,0
510,ITACOATIARA,2023-06-21,2086,495,Quarta-feira,,0,,0,0
510,ITACOATIARA,2022-11-15,1609,383,Terça-feira,Proclamação da República,1,,0,0
510,ITACOATIARA,2023-05-20,1781,475,Sábado,,0,,0,0
510,ITACOATIARA,2025-03-26,1847,430,Quarta-feira,,0,,0,0
510,ITACOATIARA,2024-01-19,3338,813,Sexta-feira,,0,,0,0
510,ITACOATIARA,2024-07-25,1999,513,Quinta-feira,,0,,0,0
510,ITACOATIARA,2024-12-26,3098,882,Quinta-feira,,0,,0,0
510,ITACOATIARA,2023-07-23,505,143,Domingo,,0,,0,0
510,ITACOATIARA,2022-07-30,2730,903,Sábado,,0,,0,0
510,ITACOATIARA,2022-10-23,619,206,Domingo,,0,,0,0
510,ITACOATIARA,2023-03-26,591,154,Domingo,,0,,0,0
510,ITACOATIARA,2024-04-11,1703,414,Quinta-feira,,0,,0,0
510,ITACOATIARA,2024-10-28,2361,615,Segunda-feira,,0,,0,0
510,ITACOATIARA,2023-07-05,2761,726,Quarta-feira,,0,,0,0
510,ITACOATIARA,2023-07-29,2801,795,Sábado,,0,,0,0
510,ITACOATIARA,2024-01-10,1857,443,Quarta-feira,,0,,0,0
510,ITACOATIARA,2022-08-26,1853,438,Sexta-feira,,0,,0,0
510,ITACOATIARA,2022-10-04,0,882,Terça-feira,,0,,0,1
510,ITACOATIARA,2024-07-18,1718,425,Quinta-feira,,0,,0,0
510,ITACOATIARA,2024-03-19,1949,525,Terça-feira,,0,,0,0
510,ITACOATIARA,2023-05-08,3131,768,Segunda-feira,,0,,0,0
510,ITACOATIARA,2025-01-29,1935,426,Quarta-feira,,0,,0,0
510,ITACOATIARA,2025-05-31,2262,617,Sábado,,0,,0,0
510,ITACOATIARA,2024-05-04,2401,699,Sábado,,0,,0,0
510,ITACOATIARA,2022-08-13,2283,595,Sábado,,0,,0,0
510,ITACOATIARA,2023-08-05,2258,614,Sábado,,0,,0,0
510,ITACOATIARA,2023-04-01,2964,864,Sábado,,0,,0,0
510,ITACOATIARA,2022-10-09,0,197,Domingo,,0,,0,1
510,ITACOATIARA,2025-07-16,1547,361,Quarta-feira,,0,,0,0
510,ITACOATIARA,2022-10-28,3738,991,Sexta-feira,,0,,0,0
510,ITACOATIARA,2024-07-09,2044,511,Terça-feira,,0,,0,0
510,ITACOATIARA,2025-02-10,2500,579,Segunda-feira,,0,,0,0
510,ITACOATIARA,2024-11-10,882,233,Domingo,,0,,0,0
510,ITACOATIARA,2024-03-22,2095,504,Sexta-feira,,0,,0,0
510,ITACOATIARA,2023-08-21,1953,550,Segunda-feira,,0,,0,0
510,ITACOATIARA,2023-08-25,2187,621,Sexta-feira,,0,,0,0
510,ITACOATIARA,2025-05-06,2759,704,Terça-feira,,0,,0,0
510,ITACOATIARA,2023-06-24,1735,505,Sábado,,0,,0,0
510,ITACOATIARA,2024-04-28,608,176,Domingo,,0,,0,0
510,ITACOATIARA,2024-09-30,3495,910,Segunda-feira,,0,,0,0
510,ITACOATIARA,2024-04-06,2138,638,Sábado,,0,,0,0
510,ITACOATIARA,2023-11-23,1539,393,Quinta-feira,,0,,0,0
510,ITACOATIARA,2025-05-27,2109,521,Terça-feira,,0,,0,0
510,ITACOATIARA,2022-12-24,2663,848,Sábado,,0,Véspera de Natal,1,0
510,ITACOATIARA,2025-05-10,2553,766,Sábado,,0,,0,0
510,ITACOATIARA,2023-08-16,1784,420,Quarta-feira,,0,,0,0
510,ITACOATIARA,2022-07-23,1580,435,Sábado,,0,,0,0
510,ITACOATIARA,2025-05-03,1997,598,Sábado,,0,,0,0
510,ITACOATIARA,2024-06-20,1968,463,Quinta-feira,,0,,0,0
510,ITACOATIARA,2024-08-19,1896,461,Segunda-feira,,0,,0,0
510,ITACOATIARA,2025-02-26,2075,541,Quarta-feira,,0,,0,0
510,ITACOATIARA,2023-06-28,2316,652,Quarta-feira,,0,,0,0
510,ITACOATIARA,2025-04-04,2324,631,Sexta-feira,,0,,0,0
510,ITACOATIARA,2022-11-12,2518,659,Sábado,,0,,0,0
510,ITACOATIARA,2024-07-20,0,470,Sábado,,0,,0,1
510,ITACOATIARA,2024-09-21,1675,415,Sábado,,0,,0,0
510,ITACOATIARA,2025-08-19,1597,419,Terça-feira,,0,,0,0
510,ITACOATIARA,2023-09-08,2738,770,Sexta-feira,,0,,0,0
510,ITACOATIARA,2024-06-22,1630,403,Sábado,,0,,0,0
510,ITACOATIARA,2025-08-01,2593,720,Sexta-feira,,0,,0,0
510,ITACOATIARA,2023-10-25,2327,299,Quarta-feira,,0,,0,0
510,ITACOATIARA,2023-05-31,3498,999,Quarta-feira,,0,,0,0
510,ITACOATIARA,2023-07-16,613,184,Domingo,,0,,0,0
510,ITACOATIARA,2023-03-30,2882,695,Quinta-feira,,0,,0,0
510,ITACOATIARA,2023-01-26,2465,674,Quinta-feira,,0,,0,0
510,ITACOATIARA,2023-07-02,695,181,Domingo,,0,,0,0
510,ITACOATIARA,2024-03-11,2137,474,Segunda-feira,,0,,0,0
510,ITACOATIARA,2023-12-10,1021,243,Domingo,,0,,0,0
510,ITACOATIARA,2023-02-28,4407,1277,Terça-feira,,0,,0,0
510,ITACOATIARA,2023-05-14,781,285,Domingo,,0,Dia das Mães,1,0
510,ITACOATIARA,2023-03-12,405,126,Domingo,,0,,0,0
510,ITACOATIARA,2025-08-03,632,216,Domingo,,0,,0,0
510,ITACOATIARA,2022-09-08,3368,815,Quinta-feira,,0,,0,0
510,ITACOATIARA,2024-08-02,2515,731,Sexta-feira,,0,,0,0
510,ITACOATIARA,2023-06-22,1854,436,Quinta-feira,,0,,0,0
510,ITACOATIARA,2024-12-09,2426,607,Segunda-feira,,0,,0,0
510,ITACOATIARA,2024-12-14,1722,462,Sábado,,0,,0,0
510,ITACOATIARA,2025-01-24,1590,459,Sexta-feira,,0,,0,0
510,ITACOATIARA,2025-07-24,1692,402,Quinta-feira,,0,,0,0
510,ITACOATIARA,2024-04-10,1849,446,Quarta-feira,,0,,0,0
510,ITACOATIARA,2025-05-17,1642,406,Sábado,,0,,0,0
510,ITACOATIARA,2024-10-06,448,148,Domingo,,0,,0,0
510,ITACOATIARA,2024-01-05,2173,531,Sexta-feira,,0,,0,0
510,ITACOATIARA,2023-03-10,2166,545,Sexta-feira,,0,,0,0
510,ITACOATIARA,2022-11-05,2851,813,Sábado,,0,,0,0
510,ITACOATIARA,2022-12-08,1338,344,Quinta-feira,,0,,0,0
510,ITACOATIARA,2024-07-17,1435,351,Quarta-feira,,0,,0,0
510,ITACOATIARA,2024-12-10,3708,818,Terça-feira,,0,,0,0
510,ITACOATIARA,2022-07-20,1899,519,Quarta-feira,,0,,0,0
510,ITACOATIARA,2022-10-10,793,680,Segunda-feira,,0,,0,0
510,ITACOATIARA,2025-01-03,2671,665,Sexta-feira,,0,,0,0
510,ITACOATIARA,2024-08-18,434,137,Domingo,,0,,0,0
510,ITACOATIARA,2022-11-14,2961,724,Segunda-feira,,0,,0,0
510,ITACOATIARA,2024-01-14,237,80,Domingo,,0,,0,0
510,ITACOATIARA,2025-03-23,501,130,Domingo,,0,,0,0
510,ITACOATIARA,2024-02-02,2606,709,Sexta-feira,,0,,0,0
510,ITACOATIARA,2023-09-09,1724,468,Sábado,,0,,0,0
510,ITACOATIARA,2022-08-09,2528,595,Terça-feira,,0,,0,0
510,ITACOATIARA,2023-10-15,549,132,Domingo,,0,,0,0
510,ITACOATIARA,2023-04-21,1243,337,Sexta-feira,Tiradentes,1,,0,0
510,ITACOATIARA,2023-03-21,2035,459,Terça-feira,,0,,0,0
510,ITACOATIARA,2025-07-03,2257,624,Quinta-feira,,0,,0,0
510,ITACOATIARA,2025-01-21,2343,620,Terça-feira,,0,,0,0
510,ITACOATIARA,2023-10-16,1890,403,Segunda-feira,,0,,0,0
510,ITACOATIARA,2023-10-09,2550,671,Segunda-feira,,0,,0,0
510,ITACOATIARA,2022-08-24,1726,474,Quarta-feira,,0,,0,0
510,ITACOATIARA,2025-02-07,2500,627,Sexta-feira,,0,,0,0
510,ITACOATIARA,2025-07-21,1961,479,Segunda-feira,,0,,0,0
510,ITACOATIARA,2025-04-20,498,149,Domingo,,0,,0,0
510,ITACOATIARA,2024-09-14,1611,403,Sábado,,0,,0,0
510,ITACOATIARA,2023-06-23,2034,517,Sexta-feira,,0,,0,0
510,ITACOATIARA,2023-01-13,1999,445,Sexta-feira,,0,,0,0
510,ITACOATIARA,2025-03-29,2269,702,Sábado,,0,,0,0
510,ITACOATIARA,2024-11-06,2567,649,Quarta-feira,,0,,0,0
510,ITACOATIARA,2024-09-29,654,206,Domingo,,0,,0,0
510,ITACOATIARA,2023-04-28,3506,955,Sexta-feira,,0,,0,0
510,ITACOATIARA,2023-01-02,3360,867,Segunda-feira,,0,,0,0
510,ITACOATIARA,2025-02-16,741,212,Domingo,,0,,0,0
510,ITACOATIARA,2024-08-31,2241,685,Sábado,,0,,0,0
510,ITACOATIARA,2022-10-27,2261,551,Quinta-feira,,0,,0,0
510,ITACOATIARA,2023-07-19,1936,501,Quarta-feira,,0,,0,0
510,ITACOATIARA,2025-04-02,2434,569,Quarta-feira,,0,,0,0
510,ITACOATIARA,2022-12-23,2737,1108,Sexta-feira,,0,,0,0
510,ITACOATIARA,2024-11-05,3303,738,Terça-feira,,0,,0,0
510,ITACOATIARA,2024-08-26,2265,581,Segunda-feira,,0,,0,0
510,ITACOATIARA,2022-08-04,2303,640,Quinta-feira,,0,,0,0
510,ITACOATIARA,2023-09-17,544,150,Domingo,,0,,0,0
510,ITACOATIARA,2023-12-15,2062,511,Sexta-feira,,0,,0,0
510,ITACOATIARA,2023-11-09,1829,503,Quinta-feira,,0,,0,0
510,ITACOATIARA,2023-01-10,2186,554,Terça-feira,,0,,0,0
510,ITACOATIARA,2025-07-25,2101,550,Sexta-feira,,0,,0,0
510,ITACOATIARA,2023-01-04,2980,739,Quarta-feira,,0,,0,0
510,ITACOATIARA,2025-05-05,3106,783,Segunda-feira,,0,,0,0
510,ITACOATIARA,2025-06-28,2450,637,Sábado,,0,,0,0
510,ITACOATIARA,2025-08-05,2298,602,Terça-feira,,0,,0,0
510,ITACOATIARA,2025-05-20,2036,479,Terça-feira,,0,,0,0
510,ITACOATIARA,2023-12-09,3413,768,Sábado,,0,,0,0
510,ITACOATIARA,2024-03-27,2485,649,Quarta-feira,,0,,0,0
510,ITACOATIARA,2023-07-20,1964,523,Quinta-feira,,0,,0,0
510,ITACOATIARA,2024-02-04,576,159,Domingo,,0,,0,0
510,ITACOATIARA,2024-12-12,2313,602,Quinta-feira,,0,,0,0
510,ITACOATIARA,2025-02-03,2908,770,Segunda-feira,,0,,0,0
510,ITACOATIARA,2025-08-31,607,153,Domingo,,0,,0,0
510,ITACOATIARA,2022-12-21,1959,772,Quarta-feira,,0,,0,0
510,ITACOATIARA,2023-07-03,3544,897,Segunda-feira,,0,,0,0
510,ITACOATIARA,2023-08-22,1886,466,Terça-feira,,0,,0,0
510,ITACOATIARA,2025-03-09,794,224,Domingo,,0,,0,0
510,ITACOATIARA,2024-12-08,633,187,Domingo,,0,,0,0
510,ITACOATIARA,2023-01-18,2167,505,Quarta-feira,,0,,0,0
510,ITACOATIARA,2023-04-07,894,280,Sexta-feira,Sexta-feira Santa,1,,0,0
510,ITACOATIARA,2025-04-01,2680,697,Terça-feira,,0,,0,0
510,ITACOATIARA,2024-09-12,1746,422,Quinta-feira,,0,,0,0
510,ITACOATIARA,2025-06-21,1835,483,Sábado,,0,,0,0
510,ITACOATIARA,2024-12-17,1932,478,Terça-feira,,0,,0,0
510,ITACOATIARA,2023-04-03,3479,883,Segunda-feira,,0,,0,0
510,ITACOATIARA,2025-03-24,2107,501,Segunda-feira,,0,,0,0
510,ITACOATIARA,2023-06-09,2705,727,Sexta-feira,,0,,0,0
510,ITACOATIARA,2025-07-14,1841,490,Segunda-feira,,0,,0,0
510,ITACOATIARA,2024-12-04,2354,623,Quarta-feira,,0,,0,0
510,ITACOATIARA,2024-07-19,0,337,Sexta-feira,,0,,0,1
510,ITACOATIARA,2022-07-10,528,172,Domingo,,0,,0,0
510,ITACOATIARA,2025-02-28,3077,858,Sexta-feira,,0,,0,0
510,ITACOATIARA,2024-04-03,2279,682,Quarta-feira,,0,,0,0
510,ITACOATIARA,2024-07-11,1667,394,Quinta-feira,,0,,0,0
510,ITACOATIARA,2023-02-10,1932,471,Sexta-feira,,0,,0,0
510,ITACOATIARA,2024-01-30,2894,767,Terça-feira,,0,,0,0
510,ITACOATIARA,2022-09-04,681,231,Domingo,,0,,0,0
510,ITACOATIARA,2023-11-19,763,198,Domingo,,0,,0,0
510,ITACOATIARA,2025-01-07,2435,634,Terça-feira,,0,,0,0
510,ITACOATIARA,2025-06-23,2001,496,Segunda-feira,,0,,0,0
510,ITACOATIARA,2025-01-23,1734,448,Quinta-feira,,0,,0,0
510,ITACOATIARA,2025-06-15,555,160,Domingo,,0,,0,0
510,ITACOATIARA,2024-05-02,3307,906,Quinta-feira,,0,,0,0
510,ITACOATIARA,2022-12-06,3258,819,Terça-feira,,0,,0,0
510,ITACOATIARA,2024-09-11,1831,414,Quarta-feira,,0,,0,0
510,ITACOATIARA,2022-12-18,0,193,Domingo,,0,,0,1
510,ITACOATIARA,2025-01-16,1556,383,Quinta-feira,,0,,0,0
510,ITACOATIARA,2025-04-09,1710,414,Quarta-feira,,0,,0,0
510,ITACOATIARA,2025-08-10,683,244,Domingo,,0,Dia dos Pais,1,0
510,ITACOATIARA,2025-07-30,2838,766,Quarta-feira,,0,,0,0
510,ITACOATIARA,2024-07-23,1188,528,Terça-feira,,0,,0,0
510,ITACOATIARA,2022-10-22,2513,555,Sábado,,0,,0,0
510,ITACOATIARA,2024-02-29,3845,1088,Quinta-feira,,0,,0,0
510,ITACOATIARA,2024-02-24,1620,381,Sábado,,0,,0,0
510,ITACOATIARA,2022-09-10,2343,588,Sábado,,0,,0,0
510,ITACOATIARA,2023-11-10,1870,464,Sexta-feira,,0,,0,0
510,ITACOATIARA,2025-08-26,1855,442,Terça-feira,,0,,0,0
510,ITACOATIARA,2025-06-11,1790,476,Quarta-feira,,0,,0,0
510,ITACOATIARA,2022-12-11,0,239,Domingo,,0,,0,1
510,ITACOATIARA,2022-12-31,3724,546,Sábado,,0,Véspera de Ano Novo,1,0
510,ITACOATIARA,2023-08-06,660,210,Domingo,,0,,0,0
510,ITACOATIARA,2023-07-07,3046,795,Sexta-feira,,0,,0,0
510,ITACOATIARA,2025-01-17,1485,341,Sexta-feira,,0,,0,0
510,ITACOATIARA,2025-05-23,1847,465,Sexta-feira,,0,,0,0
510,ITACOATIARA,2022-11-27,1008,277,Domingo,,0,,0,0
510,ITACOATIARA,2022-10-16,633,178,Domingo,,0,,0,0
510,ITACOATIARA,2025-05-07,2733,713,Quarta-feira,,0,,0,0
510,ITACOATIARA,2024-04-07,691,207,Domingo,,0,,0,0
510,ITACOATIARA,2024-11-21,2094,556,Quinta-feira,,0,,0,0
510,ITACOATIARA,2024-05-06,2897,817,Segunda-feira,,0,,0,0
510,ITACOATIARA,2025-03-28,3062,780,Sexta-feira,,0,,0,0
510,ITACOATIARA,2025-08-14,1464,360,Quinta-feira,,0,,0,0
510,ITACOATIARA,2024-03-21,1793,432,Quinta-feira,,0,,0,0
510,ITACOATIARA,2022-08-07,663,199,Domingo,,0,,0,0
510,ITACOATIARA,2024-08-22,1755,472,Quinta-feira,,0,,0,0
510,ITACOATIARA,2024-05-25,1623,446,Sábado,,0,,0,0
510,ITACOATIARA,2024-07-04,2503,610,Quinta-feira,,0,,0,0
510,ITACOATIARA,2022-10-29,2721,815,Sábado,,0,,0,0
510,ITACOATIARA,2022-07-09,1841,529,Sábado,,0,,0,0
510,ITACOATIARA,2025-07-01,2944,753,Terça-feira,,0,,0,0
510,ITACOATIARA,2024-03-03,646,250,Domingo,,0,,0,0
510,ITACOATIARA,2024-02-06,2586,600,Terça-feira,,0,,0,0
510,ITACOATIARA,2023-07-18,1761,442,Terça-feira,,0,,0,0
510,ITACOATIARA,2023-03-25,1715,428,Sábado,,0,,0,0
510,ITACOATIARA,2023-02-23,3035,632,Quinta-feira,,0,,0,0
510,ITACOATIARA,2023-01-21,1959,452,Sábado,,0,,0,0
510,ITACOATIARA,2023-03-14,1643,399,Terça-feira,,0,,0,0
510,ITACOATIARA,2025-01-11,1492,392,Sábado,,0,,0,0
510,ITACOATIARA,2024-01-07,540,138,Domingo,,0,,0,0
510,ITACOATIARA,2024-06-06,2817,779,Quinta-feira,,0,,0,0
510,ITACOATIARA,2022-10-20,2476,569,Quinta-feira,,0,,0,0
510,ITACOATIARA,2024-11-17,737,203,Domingo,,0,,0,0
510,ITACOATIARA,2024-06-30,851,277,Domingo,,0,,0,0
510,ITACOATIARA,2022-08-08,3115,758,Segunda-feira,,0,,0,0
510,ITACOATIARA,2025-02-17,3061,689,Segunda-feira,,0,,0,0
510,ITACOATIARA,2025-02-09,558,166,Domingo,,0,,0,0
510,ITACOATIARA,2025-04-06,719,218,Domingo,,0,,0,0
510,ITACOATIARA,2023-04-08,2666,706,Sábado,,0,,0,0
510,ITACOATIARA,2025-06-12,1792,481,Quinta-feira,,0,Dia dos Namorados,1,0
510,ITACOATIARA,2023-11-24,2471,646,Sexta-feira,,0,Black Friday,1,0
510,ITACOATIARA,2023-11-12,710,222,Domingo,,0,,0,0
510,ITACOATIARA,2025-08-27,2056,528,Quarta-feira,,0,,0,0
510,ITACOATIARA,2023-09-26,2385,555,Terça-feira,,0,,0,0
510,ITACOATIARA,2023-08-20,507,177,Domingo,,0,,0,0
510,ITACOATIARA,2025-08-16,1624,476,Sábado,,0,,0,0
510,ITACOATIARA,2025-06-07,2044,609,Sábado,,0,,0,0
510,ITACOATIARA,2024-08-10,1881,535,Sábado,,0,,0,0
510,ITACOATIARA,2024-10-18,3393,862,Sexta-feira,,0,,0,0
510,ITACOATIARA,2022-08-01,3668,1009,Segunda-feira,,0,,0,0
510,ITACOATIARA,2022-08-05,2790,761,Sexta-feira,,0,,0,0
510,ITACOATIARA,2023-06-02,2762,784,Sexta-feira,,0,,0,0
510,ITACOATIARA,2023-11-13,2101,512,Segunda-feira,,0,,0,0
510,ITACOATIARA,2025-02-23,325,87,Domingo,,0,,0,0
510,ITACOATIARA,2025-05-09,2350,679,Sexta-feira,,0,,0,0
510,ITACOATIARA,2024-08-20,2014,513,Terça-feira,,0,,0,0
510,ITACOATIARA,2023-09-04,2982,760,Segunda-feira,,0,,0,0
510,ITACOATIARA,2023-12-04,2676,687,Segunda-feira,,0,,0,0
510,ITACOATIARA,2023-08-13,664,198,Domingo,,0,Dia dos Pais,1,0
510,ITACOATIARA,2023-04-19,2025,552,Quarta-feira,,0,,0,0
510,ITACOATIARA,2023-02-11,1748,423,Sábado,,0,,0,0
510,ITACOATIARA,2022-11-19,2650,632,Sábado,,0,,0,0
510,ITACOATIARA,2023-04-14,1831,435,Sexta-feira,,0,,0,0
510,ITACOATIARA,2024-10-01,2759,752,Terça-feira,,0,,0,0
510,ITACOATIARA,2024-09-03,2679,748,Terça-feira,,0,,0,0
510,ITACOATIARA,2024-06-17,2063,546,Segunda-feira,,0,,0,0
510,ITACOATIARA,2024-06-07,2721,825,Sexta-feira,,0,,0,0
510,ITACOATIARA,2024-06-01,2340,655,Sábado,,0,,0,0
510,ITACOATIARA,2025-03-11,2031,487,Terça-feira,,0,,0,0
510,ITACOATIARA,2024-04-17,1621,335,Quarta-feira,,0,,0,0
510,ITACOATIARA,2024-03-31,646,209,Domingo,,0,,0,0
510,ITACOATIARA,2024-10-15,1717,348,Terça-feira,,0,,0,0
510,ITACOATIARA,2023-09-05,1174,325,Terça-feira,Elevação do Amazonas à categoria de província,1,,0,0
510,ITACOATIARA,2023-10-18,3358,719,Quarta-feira,,0,,0,0
510,ITACOATIARA,2023-01-24,2639,593,Terça-feira,,0,,0,0
510,ITACOATIARA,2023-10-23,1749,677,Segunda-feira,,0,,0,0
510,ITACOATIARA,2023-06-25,505,144,Domingo,,0,,0,0
510,ITACOATIARA,2023-06-18,533,144,Domingo,,0,,0,0
510,ITACOATIARA,2024-09-02,3251,839,Segunda-feira,,0,,0,0
510,ITACOATIARA,2024-05-11,1798,717,Sábado,,0,,0,0
510,ITACOATIARA,2023-09-20,1981,512,Quarta-feira,,0,,0,0
510,ITACOATIARA,2024-02-01,2557,701,Quinta-feira,,0,,0,0
510,ITACOATIARA,2023-08-02,2719,641,Quarta-feira,,0,,0,0
510,ITACOATIARA,2023-01-25,2462,541,Quarta-feira,,0,,0,0
510,ITACOATIARA,2022-07-22,2053,511,Sexta-feira,,0,,0,0
510,ITACOATIARA,2022-09-17,1884,474,Sábado,,0,,0,0
510,ITACOATIARA,2022-09-03,2555,735,Sábado,,0,,0,0
510,ITACOATIARA,2025-08-30,2447,749,Sábado,,0,,0,0
510,ITACOATIARA,2024-12-18,2045,537,Quarta-feira,,0,,0,0
510,ITACOATIARA,2023-11-29,2636,735,Quarta-feira,,0,,0,0
510,ITACOATIARA,2025-07-28,2742,708,Segunda-feira,,0,,0,0
510,ITACOATIARA,2025-06-24,1963,508,Terça-feira,,0,,0,0
510,ITACOATIARA,2024-02-05,2869,749,Segunda-feira,,0,,0,0
510,ITACOATIARA,2024-06-12,1847,469,Quarta-feira,,0,Dia dos Namorados,1,0
510,ITACOATIARA,2024-08-04,597,218,Domingo,,0,,0,0
510,ITACOATIARA,2023-01-17,1698,350,Terça-feira,,0,,0,0
510,ITACOATIARA,2024-01-09,1839,475,Terça-feira,,0,,0,0
510,ITACOATIARA,2025-07-13,528,160,Domingo,,0,,0,0
510,ITACOATIARA,2023-04-13,1481,360,Quinta-feira,,0,,0,0
510,ITACOATIARA,2022-10-31,4211,976,Segunda-feira,,0,,0,0
510,ITACOATIARA,2023-07-21,2187,572,Sexta-feira,,0,,0,0
510,ITACOATIARA,2023-06-15,1760,471,Quinta-feira,,0,,0,0
510,ITACOATIARA,2025-04-16,1932,434,Quarta-feira,,0,,0,0
510,ITACOATIARA,2024-12-22,682,216,Domingo,,0,,0,0
510,ITACOATIARA,2023-10-27,2233,557,Sexta-feira,,0,,0,0
510,ITACOATIARA,2025-03-12,1808,429,Quarta-feira,,0,,0,0
510,ITACOATIARA,2023-12-28,2649,705,Quinta-feira,,0,,0,0
510,ITACOATIARA,2024-12-03,2624,629,Terça-feira,,0,,0,0
510,ITACOATIARA,2025-05-29,3139,956,Quinta-feira,,0,,0,0
510,ITACOATIARA,2025-06-08,578,192,Domingo,,0,,0,0
510,ITACOATIARA,2024-01-28,478,122,Domingo,,0,,0,0
510,ITACOATIARA,2022-12-26,3051,891,Segunda-feira,,0,,0,0
510,ITACOATIARA,2024-07-05,2725,717,Sexta-feira,,0,,0,0
510,ITACOATIARA,2025-07-31,3153,803,Quinta-feira,,0,,0,0
510,ITACOATIARA,2022-07-26,1979,513,Terça-feira,,0,,0,0
510,ITACOATIARA,2025-01-05,577,188,Domingo,,0,,0,0
510,ITACOATIARA,2025-04-21,1316,324,Segunda-feira,Tiradentes,1,,0,0
510,ITACOATIARA,2024-09-25,1742,380,Quarta-feira,,0,,0,0
510,ITACOATIARA,2022-11-10,2251,594,Quinta-feira,,0,,0,0
510,ITACOATIARA,2024-09-07,1095,274,Sábado,Independência do Brasil,1,,0,0
510,ITACOATIARA,2024-05-27,2132,576,Segunda-feira,,0,,0,0
510,ITACOATIARA,2025-02-15,2361,547,Sábado,,0,,0,0
510,ITACOATIARA,2023-04-22,1709,506,Sábado,,0,,0,0
510,ITACOATIARA,2024-02-21,1941,560,Quarta-feira,,0,,0,0
510,ITACOATIARA,2022-08-30,2406,688,Terça-feira,,0,,0,0
510,ITACOATIARA,2025-03-20,1958,478,Quinta-feira,,0,,0,0
510,ITACOATIARA,2024-05-03,2895,832,Sexta-feira,,0,,0,0
510,ITACOATIARA,2023-03-16,1505,379,Quinta-feira,,0,,0,0
510,ITACOATIARA,2024-02-03,1902,531,Sábado,,0,,0,0
510,ITACOATIARA,2023-09-02,2105,661,Sábado,,0,,0,0
510,ITACOATIARA,2025-08-22,1826,413,Sexta-feira,,0,,0,0
510,ITACOATIARA,2024-10-22,1513,374,Terça-feira,,0,,0,0
510,ITACOATIARA,2024-07-14,544,164,Domingo,,0,,0,0
510,ITACOATIARA,2023-09-10,566,188,Domingo,,0,,0,0
510,ITACOATIARA,2024-01-24,1776,436,Quarta-feira,,0,,0,0
510,ITACOATIARA,2024-12-07,2279,605,Sábado,,0,,0,0
510,ITACOATIARA,2022-07-29,3632,1113,Sexta-feira,,0,,0,0
510,ITACOATIARA,2023-02-27,3316,814,Segunda-feira,,0,,0,0
510,ITACOATIARA,2024-10-12,2042,613,Sábado,Nossa Senhora Aparecida,1,,0,0
510,ITACOATIARA,2023-09-21,1994,503,Quinta-feira,,0,,0,0
510,ITACOATIARA,2023-04-06,2665,742,Quinta-feira,,0,,0,0
510,ITACOATIARA,2025-08-17,571,180,Domingo,,0,,0,0
510,ITACOATIARA,2023-03-27,2397,532,Segunda-feira,,0,,0,0
510,ITACOATIARA,2025-07-04,2045,510,Sexta-feira,,0,,0,0
510,ITACOATIARA,2025-04-05,2347,625,Sábado,,0,,0,0
510,ITACOATIARA,2024-11-03,997,282,Domingo,,0,,0,0
510,ITACOATIARA,2022-08-14,612,222,Domingo,,0,Dia dos Pais,1,0
510,ITACOATIARA,2025-01-13,1894,505,Segunda-feira,,0,,0,0
510,ITACOATIARA,2024-07-22,0,500,Segunda-feira,,0,,0,1
510,ITACOATIARA,2023-11-22,2095,514,Quarta-feira,,0,,0,0
510,ITACOATIARA,2022-07-16,1617,443,Sábado,,0,,0,0
510,ITACOATIARA,2023-03-23,2175,496,Quinta-feira,,0,,0,0
510,ITACOATIARA,2025-08-12,1726,415,Terça-feira,,0,,0,0
510,ITACOATIARA,2024-12-01,886,244,Domingo,,0,,0,0
510,ITACOATIARA,2024-03-12,1772,406,Terça-feira,,0,,0,0
510,ITACOATIARA,2022-08-18,2091,528,Quinta-feira,,0,,0,0
510,ITACOATIARA,2022-07-25,2213,542,Segunda-feira,,0,,0,0
510,ITACOATIARA,2023-02-08,2531,609,Quarta-feira,,0,,0,0
510,ITACOATIARA,2023-04-16,535,188,Domingo,,0,,0,0
510,ITACOATIARA,2024-06-26,2497,591,Quarta-feira,,0,,0,0
510,ITACOATIARA,2023-04-18,1960,465,Terça-feira,,0,,0,0
510,ITACOATIARA,2024-12-27,2740,697,Sexta-feira,,0,,0,0
510,ITACOATIARA,2024-04-13,1488,357,Sábado,,0,,0,0
510,ITACOATIARA,2025-06-06,2739,650,Sexta-feira,,0,,0,0
510,ITACOATIARA,2023-10-28,1846,520,Sábado,,0,,0,0
510,ITACOATIARA,2023-10-13,1965,476,Sexta-feira,,0,,0,0
510,ITACOATIARA,2024-02-16,2502,553,Sexta-feira,,0,,0,0
510,ITACOATIARA,2023-08-07,3066,766,Segunda-feira,,0,,0,0
510,ITACOATIARA,2023-09-12,1842,440,Terça-feira,,0,,0,0
510,ITACOATIARA,2023-07-14,1817,462,Sexta-feira,,0,,0,0
510,ITACOATIARA,2025-08-23,1553,465,Sábado,,0,,0,0
510,ITACOATIARA,2024-11-09,2564,776,Sábado,,0,,0,0
510,ITACOATIARA,2024-09-09,3572,815,Segunda-feira,,0,,0,0
510,ITACOATIARA,2024-04-18,1788,448,Quinta-feira,,0,,0,0
510,ITACOATIARA,2025-06-16,1990,498,Segunda-feira,,0,,0,0
510,ITACOATIARA,2023-07-31,4326,1157,Segunda-feira,,0,,0,0
510,ITACOATIARA,2024-08-03,2040,577,Sábado,,0,,0,0
510,ITACOATIARA,2024-10-14,1877,473,Segunda-feira,,0,,0,0
510,ITACOATIARA,2023-12-23,2970,842,Sábado,,0,,0,0
510,ITACOATIARA,2023-02-02,3126,901,Quinta-feira,,0,,0,0
510,ITACOATIARA,2025-05-13,1796,454,Terça-feira,,0,,0,0
510,ITACOATIARA,2023-04-24,2504,694,Segunda-feira,,0,,0,0
510,ITACOATIARA,2023-09-18,1974,473,Segunda-feira,,0,,0,0
510,ITACOATIARA,2024-10-20,698,59,Domingo,,0,,0,0
510,ITACOATIARA,2024-12-15,615,170,Domingo,,0,,0,0
510,ITACOATIARA,2024-08-16,1660,380,Sexta-feira,,0,,0,0
510,ITACOATIARA,2024-03-16,1622,405,Sábado,,0,,0,0
510,ITACOATIARA,2025-06-05,2493,647,Quinta-feira,,0,,0,0
510,ITACOATIARA,2024-05-22,1497,439,Quarta-feira,,0,,0,0
510,ITACOATIARA,2023-04-25,1062,261,Terça-feira,,0,,0,0
510,ITACOATIARA,2022-07-15,1745,475,Sexta-feira,,0,,0,0
510,ITACOATIARA,2025-03-04,1413,320,Terça-feira,,0,,0,0
510,ITACOATIARA,2024-07-15,1972,428,Segunda-feira,,0,,0,0
510,ITACOATIARA,2024-05-31,3840,1171,Sexta-feira,,0,,0,0
510,ITACOATIARA,2025-05-04,677,201,Domingo,,0,,0,0
510,ITACOATIARA,2023-12-30,2505,582,Sábado,,0,,0,0
510,ITACOATIARA,2023-12-02,2235,635,Sábado,,0,,0,0
510,ITACOATIARA,2023-09-13,1724,413,Quarta-feira,,0,,0,0
510,ITACOATIARA,2024-01-03,2371,602,Quarta-feira,,0,,0,0
510,ITACOATIARA,2023-04-29,2797,871,Sábado,,0,,0,0
510,ITACOATIARA,2025-04-07,2922,700,Segunda-feira,,0,,0,0
510,ITACOATIARA,2024-03-05,2623,649,Terça-feira,,0,,0,0
510,ITACOATIARA,2023-08-11,1969,479,Sexta-feira,,0,,0,0
510,ITACOATIARA,2022-08-10,2411,563,Quarta-feira,,0,,0,0
510,ITACOATIARA,2023-04-30,892,312,Domingo,,0,,0,0
510,ITACOATIARA,2024-09-27,2764,764,Sexta-feira,,0,,0,0
510,ITACOATIARA,2024-06-10,2620,637,Segunda-feira,,0,,0,0
510,ITACOATIARA,2024-07-21,0,133,Domingo,,0,,0,1
510,ITACOATIARA,2024-04-25,1089,256,Quinta-feira,,0,,0,0
510,ITACOATIARA,2024-02-18,421,103,Domingo,,0,,0,0
510,ITACOATIARA,2023-04-05,2499,629,Quarta-feira,,0,,0,0
510,ITACOATIARA,2022-10-30,753,187,Domingo,,0,,0,0
510,ITACOATIARA,2022-10-19,2348,511,Quarta-feira,,0,,0,0
510,ITACOATIARA,2025-04-25,2571,591,Sexta-feira,,0,,0,0
510,ITACOATIARA,2022-11-17,2394,578,Quinta-feira,,0,,0,0
510,ITACOATIARA,2022-09-09,2627,746,Sexta-feira,,0,,0,0
510,ITACOATIARA,2024-04-14,492,172,Domingo,,0,,0,0
510,ITACOATIARA,2023-10-21,2171,594,Sábado,,0,,0,0
510,ITACOATIARA,2025-08-25,1868,480,Segunda-feira,,0,,0,0
510,ITACOATIARA,2025-05-21,1885,410,Quarta-feira,,0,,0,0
510,ITACOATIARA,2023-07-11,1897,441,Terça-feira,,0,,0,0
510,ITACOATIARA,2023-05-02,3605,884,Terça-feira,,0,,0,0
510,ITACOATIARA,2024-12-06,2564,641,Sexta-feira,,0,,0,0
510,ITACOATIARA,2024-11-28,2696,726,Quinta-feira,,0,,0,0
510,ITACOATIARA,2022-07-28,2290,641,Quinta-feira,,0,,0,0
510,ITACOATIARA,2024-04-08,2579,651,Segunda-feira,,0,,0,0
510,ITACOATIARA,2023-08-23,2055,540,Quarta-feira,,0,,0,0
510,ITACOATIARA,2023-09-23,1632,463,Sábado,,0,,0,0
510,ITACOATIARA,2024-01-15,1919,513,Segunda-feira,,0,,0,0
510,ITACOATIARA,2023-02-09,1936,470,Quinta-feira,,0,,0,0
510,ITACOATIARA,2022-08-27,1677,468,Sábado,,0,,0,0
510,ITACOATIARA,2022-09-11,596,178,Domingo,,0,,0,0
510,ITACOATIARA,2023-01-07,2387,652,Sábado,,0,,0,0
510,ITACOATIARA,2025-02-20,2008,507,Quinta-feira,,0,,0,0
510,ITACOATIARA,2022-09-29,3343,810,Quinta-feira,,0,,0,0
510,ITACOATIARA,2023-10-17,1635,350,Terça-feira,,0,,0,0
